Date,Stock,Close
,,ITC.NS
2015-01-01,ITC.NS,179.95668029785156
2015-01-02,ITC.NS,180.5203399658203
2015-01-05,ITC.NS,181.23106384277344
2015-01-06,ITC.NS,176.57467651367188
2015-01-07,ITC.NS,173.29071044921875
2015-01-08,ITC.NS,177.62850952148438
2015-01-09,ITC.NS,174.9326934814453
2015-01-12,ITC.NS,175.39834594726562
2015-01-13,ITC.NS,176.5011749267578
2015-01-14,ITC.NS,170.4723663330078
2015-01-15,ITC.NS,175.42282104492188
2015-01-16,ITC.NS,176.5011749267578
2015-01-19,ITC.NS,175.86395263671875
2015-01-20,ITC.NS,181.8927459716797
2015-01-21,ITC.NS,172.8740692138672
2015-01-22,ITC.NS,171.86927795410156
2015-01-23,ITC.NS,171.28109741210938
2015-01-27,ITC.NS,176.5256805419922
2015-01-28,ITC.NS,177.5794677734375
2015-01-29,ITC.NS,181.45162963867188
2015-01-30,ITC.NS,180.6428680419922
2015-02-02,ITC.NS,176.77073669433594
2015-02-03,ITC.NS,179.4175262451172
2015-02-04,ITC.NS,180.17724609375
2015-02-05,ITC.NS,180.81442260742188
2015-02-06,ITC.NS,183.06907653808594
2015-02-09,ITC.NS,180.32427978515625
2015-02-10,ITC.NS,181.30458068847656
2015-02-11,ITC.NS,181.91726684570312
2015-02-12,ITC.NS,181.54965209960938
2015-02-13,ITC.NS,185.29925537109375
2015-02-16,ITC.NS,190.96041870117188
2015-02-18,ITC.NS,192.74945068359375
2015-02-19,ITC.NS,190.7888641357422
2015-02-20,ITC.NS,194.12185668945312
2015-02-23,ITC.NS,191.27899169921875
2015-02-24,ITC.NS,193.9502716064453
2015-02-25,ITC.NS,195.91090393066406
2015-02-26,ITC.NS,193.92581176757812
2015-02-27,ITC.NS,192.9700164794922
2015-03-02,ITC.NS,168.24220275878906
2015-03-03,ITC.NS,167.4089813232422
2015-03-04,ITC.NS,168.7323455810547
2015-03-05,ITC.NS,169.712646484375
2015-03-09,ITC.NS,165.84048461914062
2015-03-10,ITC.NS,165.93853759765625
2015-03-11,ITC.NS,165.7669677734375
2015-03-12,ITC.NS,169.90869140625
2015-03-13,ITC.NS,166.35513305664062
2015-03-16,ITC.NS,164.39459228515625
2015-03-17,ITC.NS,166.64926147460938
2015-03-18,ITC.NS,165.0072479248047
2015-03-19,ITC.NS,163.38978576660156
2015-03-20,ITC.NS,160.49795532226562
2015-03-23,ITC.NS,160.47341918945312
2015-03-24,ITC.NS,160.05679321289062
2015-03-25,ITC.NS,160.15481567382812
2015-03-26,ITC.NS,158.022705078125
2015-03-27,ITC.NS,155.62098693847656
2015-03-30,ITC.NS,160.54693603515625
2015-03-31,ITC.NS,159.7136993408203
2015-04-01,ITC.NS,162.9486541748047
2015-04-06,ITC.NS,167.13937377929688
2015-04-07,ITC.NS,166.9433135986328
2015-04-08,ITC.NS,169.712646484375
2015-04-09,ITC.NS,170.1537628173828
2015-04-10,ITC.NS,169.90869140625
2015-04-13,ITC.NS,172.28590393066406
2015-04-15,ITC.NS,173.97691345214844
2015-04-16,ITC.NS,171.59970092773438
2015-04-17,ITC.NS,172.4574737548828
2015-04-20,ITC.NS,167.5804901123047
2015-04-21,ITC.NS,167.60501098632812
2015-04-22,ITC.NS,168.3157196044922
2015-04-23,ITC.NS,167.6785430908203
2015-04-24,ITC.NS,170.54588317871094
2015-04-27,ITC.NS,169.0264434814453
2015-04-28,ITC.NS,165.44839477539062
2015-04-29,ITC.NS,160.8410186767578
2015-04-30,ITC.NS,157.99815368652344
2015-05-04,ITC.NS,161.8458251953125
2015-05-05,ITC.NS,159.9097137451172
2015-05-06,ITC.NS,156.03759765625
2015-05-07,ITC.NS,158.09620666503906
2015-05-08,ITC.NS,160.76751708984375
2015-05-11,ITC.NS,160.00778198242188
2015-05-12,ITC.NS,158.9294891357422
2015-05-13,ITC.NS,160.6939697265625
2015-05-14,ITC.NS,159.14999389648438
2015-05-15,ITC.NS,159.98324584960938
2015-05-18,ITC.NS,163.21823120117188
2015-05-19,ITC.NS,162.99765014648438
2015-05-20,ITC.NS,162.7035675048828
2015-05-21,ITC.NS,160.47341918945312
2015-05-22,ITC.NS,161.33116149902344
2015-05-25,ITC.NS,155.27786254882812
2015-05-26,ITC.NS,153.90548706054688
2015-05-27,ITC.NS,155.71902465820312
2015-05-28,ITC.NS,157.5570526123047
2015-05-29,ITC.NS,160.3263702392578
2015-06-01,ITC.NS,162.75259399414062
2015-06-02,ITC.NS,156.18467712402344
2015-06-03,ITC.NS,152.18502807617188
2015-06-04,ITC.NS,150.78517150878906
2015-06-05,ITC.NS,152.13504028320312
2015-06-08,ITC.NS,152.1600341796875
2015-06-09,ITC.NS,150.28521728515625
2015-06-10,ITC.NS,150.5352020263672
2015-06-11,ITC.NS,148.51040649414062
2015-06-12,ITC.NS,148.76036071777344
2015-06-15,ITC.NS,149.23533630371094
2015-06-16,ITC.NS,149.4603271484375
2015-06-17,ITC.NS,150.5352020263672
2015-06-18,ITC.NS,150.93515014648438
2015-06-19,ITC.NS,152.48501586914062
2015-06-22,ITC.NS,155.1847381591797
2015-06-23,ITC.NS,157.25953674316406
2015-06-24,ITC.NS,156.80958557128906
2015-06-25,ITC.NS,156.15966796875
2015-06-26,ITC.NS,153.95986938476562
2015-06-29,ITC.NS,154.95974731445312
2015-06-30,ITC.NS,157.55950927734375
2015-07-01,ITC.NS,156.78456115722656
2015-07-02,ITC.NS,157.50953674316406
2015-07-03,ITC.NS,157.78448486328125
2015-07-06,ITC.NS,159.18435668945312
2015-07-07,ITC.NS,158.659423828125
2015-07-08,ITC.NS,156.45962524414062
2015-07-09,ITC.NS,155.2847137451172
2015-07-10,ITC.NS,154.9347686767578
2015-07-13,ITC.NS,157.2845458984375
2015-07-14,ITC.NS,156.13465881347656
2015-07-15,ITC.NS,156.98455810546875
2015-07-16,ITC.NS,158.95936584472656
2015-07-17,ITC.NS,161.13417053222656
2015-07-20,ITC.NS,160.2342529296875
2015-07-21,ITC.NS,156.6845703125
2015-07-22,ITC.NS,157.23455810546875
2015-07-23,ITC.NS,157.5345001220703
2015-07-24,ITC.NS,157.25953674316406
2015-07-27,ITC.NS,155.80966186523438
2015-07-28,ITC.NS,155.58468627929688
2015-07-29,ITC.NS,151.9850616455078
2015-07-30,ITC.NS,157.95947265625
2015-07-31,ITC.NS,162.98397827148438
2015-08-03,ITC.NS,165.75869750976562
2015-08-04,ITC.NS,164.93377685546875
2015-08-05,ITC.NS,165.8836669921875
2015-08-06,ITC.NS,163.10894775390625
2015-08-07,ITC.NS,162.20904541015625
2015-08-10,ITC.NS,160.45921325683594
2015-08-11,ITC.NS,160.0342559814453
2015-08-12,ITC.NS,158.35943603515625
2015-08-13,ITC.NS,158.159423828125
2015-08-14,ITC.NS,159.0593719482422
2015-08-17,ITC.NS,158.4344024658203
2015-08-18,ITC.NS,157.40951538085938
2015-08-19,ITC.NS,158.4344024658203
2015-08-20,ITC.NS,164.65879821777344
2015-08-21,ITC.NS,165.35873413085938
2015-08-24,ITC.NS,160.08425903320312
2015-08-25,ITC.NS,159.9342498779297
2015-08-26,ITC.NS,158.8094024658203
2015-08-27,ITC.NS,162.833984375
2015-08-28,ITC.NS,163.48394775390625
2015-08-31,ITC.NS,162.55899047851562
2015-09-01,ITC.NS,157.70950317382812
2015-09-02,ITC.NS,160.0342559814453
2015-09-03,ITC.NS,159.98428344726562
2015-09-04,ITC.NS,158.53440856933594
2015-09-07,ITC.NS,156.70957946777344
2015-09-08,ITC.NS,156.4346160888672
2015-09-09,ITC.NS,157.1845703125
2015-09-10,ITC.NS,156.6595916748047
2015-09-11,ITC.NS,156.8595428466797
2015-09-14,ITC.NS,156.80958557128906
2015-09-15,ITC.NS,158.5093994140625
2015-09-16,ITC.NS,161.0591583251953
2015-09-18,ITC.NS,158.98439025878906
2015-09-21,ITC.NS,157.1095733642578
2015-09-22,ITC.NS,156.05966186523438
2015-09-23,ITC.NS,158.0344696044922
2015-09-24,ITC.NS,161.25914001464844
2015-09-28,ITC.NS,159.6092987060547
2015-09-29,ITC.NS,160.18426513671875
2015-09-30,ITC.NS,164.3838348388672
2015-10-01,ITC.NS,164.35882568359375
2015-10-05,ITC.NS,164.73379516601562
2015-10-06,ITC.NS,171.40814208984375
2015-10-07,ITC.NS,173.60794067382812
2015-10-08,ITC.NS,169.5333251953125
2015-10-09,ITC.NS,171.70811462402344
2015-10-12,ITC.NS,170.3582763671875
2015-10-13,ITC.NS,172.00807189941406
2015-10-14,ITC.NS,172.0330810546875
2015-10-15,ITC.NS,174.68283081054688
2015-10-16,ITC.NS,174.40785217285156
2015-10-19,ITC.NS,175.48275756835938
2015-10-20,ITC.NS,174.30783081054688
2015-10-21,ITC.NS,174.25784301757812
2015-10-23,ITC.NS,179.15737915039062
2015-10-26,ITC.NS,178.2324676513672
2015-10-27,ITC.NS,177.98248291015625
2015-10-28,ITC.NS,177.58253479003906
2015-10-29,ITC.NS,174.98277282714844
2015-10-30,ITC.NS,167.30853271484375
2015-11-02,ITC.NS,168.58343505859375
2015-11-03,ITC.NS,167.40853881835938
2015-11-04,ITC.NS,167.83349609375
2015-11-05,ITC.NS,168.55844116210938
2015-11-06,ITC.NS,168.83340454101562
2015-11-09,ITC.NS,171.50814819335938
2015-11-10,ITC.NS,168.35845947265625
2015-11-13,ITC.NS,164.8837890625
2015-11-16,ITC.NS,169.13336181640625
2015-11-17,ITC.NS,174.5328369140625
2015-11-18,ITC.NS,173.9078826904297
2015-11-19,ITC.NS,176.00767517089844
2015-11-20,ITC.NS,172.20806884765625
2015-11-23,ITC.NS,168.60842895507812
2015-11-24,ITC.NS,167.93350219726562
2015-11-26,ITC.NS,171.38314819335938
2015-11-27,ITC.NS,172.1580810546875
2015-11-30,ITC.NS,173.0579833984375
2015-12-01,ITC.NS,173.1079559326172
2015-12-02,ITC.NS,174.68283081054688
2015-12-03,ITC.NS,171.65809631347656
2015-12-04,ITC.NS,167.95849609375
2015-12-07,ITC.NS,156.7595977783203
2015-12-08,ITC.NS,157.3595428466797
2015-12-09,ITC.NS,158.68438720703125
2015-12-10,ITC.NS,160.60919189453125
2015-12-11,ITC.NS,160.48423767089844
2015-12-14,ITC.NS,160.0342559814453
2015-12-15,ITC.NS,161.45912170410156
2015-12-16,ITC.NS,159.6092987060547
2015-12-17,ITC.NS,160.2342529296875
2015-12-18,ITC.NS,158.53440856933594
2015-12-21,ITC.NS,163.2589569091797
2015-12-22,ITC.NS,160.1092529296875
2015-12-23,ITC.NS,160.73419189453125
2015-12-24,ITC.NS,161.83409118652344
2015-12-28,ITC.NS,163.08395385742188
2015-12-29,ITC.NS,162.40902709960938
2015-12-30,ITC.NS,163.2589569091797
2015-12-31,ITC.NS,163.88389587402344
2016-01-01,ITC.NS,163.73390197753906
2016-01-04,ITC.NS,162.5340118408203
2016-01-05,ITC.NS,162.40902709960938
2016-01-06,ITC.NS,157.5345001220703
2016-01-07,ITC.NS,154.78475952148438
2016-01-08,ITC.NS,156.80958557128906
2016-01-11,ITC.NS,158.00946044921875
2016-01-12,ITC.NS,157.55950927734375
2016-01-13,ITC.NS,157.85948181152344
2016-01-14,ITC.NS,158.60940551757812
2016-01-15,ITC.NS,156.93455505371094
2016-01-18,ITC.NS,157.68450927734375
2016-01-19,ITC.NS,157.00955200195312
2016-01-20,ITC.NS,154.45980834960938
2016-01-21,ITC.NS,153.1849365234375
2016-01-22,ITC.NS,154.35983276367188
2016-01-25,ITC.NS,154.68478393554688
2016-01-27,ITC.NS,156.45962524414062
2016-01-28,ITC.NS,159.2593231201172
2016-01-29,ITC.NS,160.08425903320312
2016-02-01,ITC.NS,162.35902404785156
2016-02-02,ITC.NS,162.10906982421875
2016-02-03,ITC.NS,160.9591522216797
2016-02-04,ITC.NS,160.88418579101562
2016-02-05,ITC.NS,161.95907592773438
2016-02-08,ITC.NS,157.60951232910156
2016-02-09,ITC.NS,156.18467712402344
2016-02-10,ITC.NS,154.4848175048828
2016-02-11,ITC.NS,149.2602996826172
2016-02-12,ITC.NS,150.03526306152344
2016-02-15,ITC.NS,151.83506774902344
2016-02-16,ITC.NS,147.73545837402344
2016-02-17,ITC.NS,149.91026306152344
2016-02-18,ITC.NS,152.7100067138672
2016-02-19,ITC.NS,152.26002502441406
2016-02-22,ITC.NS,149.91026306152344
2016-02-23,ITC.NS,146.8855743408203
2016-02-24,ITC.NS,143.78585815429688
2016-02-25,ITC.NS,143.08590698242188
2016-02-26,ITC.NS,145.46070861816406
2016-02-29,ITC.NS,147.8104705810547
2016-03-01,ITC.NS,162.6590118408203
2016-03-02,ITC.NS,159.75929260253906
2016-03-03,ITC.NS,159.0593719482422
2016-03-04,ITC.NS,157.58448791503906
2016-03-08,ITC.NS,160.1092529296875
2016-03-09,ITC.NS,159.9342498779297
2016-03-10,ITC.NS,158.0344696044922
2016-03-11,ITC.NS,160.63418579101562
2016-03-14,ITC.NS,162.509033203125
2016-03-15,ITC.NS,158.23443603515625
2016-03-16,ITC.NS,161.00918579101562
2016-03-17,ITC.NS,161.80908203125
2016-03-18,ITC.NS,162.35902404785156
2016-03-21,ITC.NS,165.70870971679688
2016-03-22,ITC.NS,161.55909729003906
2016-03-23,ITC.NS,162.10906982421875
2016-03-28,ITC.NS,161.20913696289062
2016-03-29,ITC.NS,159.98428344726562
2016-03-30,ITC.NS,163.658935546875
2016-03-31,ITC.NS,164.10885620117188
2016-04-01,ITC.NS,168.0084991455078
2016-04-04,ITC.NS,165.33372497558594
2016-04-05,ITC.NS,163.20895385742188
2016-04-06,ITC.NS,162.9339599609375
2016-04-07,ITC.NS,159.70928955078125
2016-04-08,ITC.NS,160.58421325683594
2016-04-11,ITC.NS,163.6089324951172
2016-04-12,ITC.NS,161.1841583251953
2016-04-13,ITC.NS,165.6087188720703
2016-04-18,ITC.NS,167.68350219726562
2016-04-20,ITC.NS,167.73348999023438
2016-04-21,ITC.NS,164.95875549316406
2016-04-22,ITC.NS,162.8839874267578
2016-04-25,ITC.NS,160.45921325683594
2016-04-26,ITC.NS,163.68389892578125
2016-04-27,ITC.NS,166.75860595703125
2016-04-28,ITC.NS,161.43411254882812
2016-04-29,ITC.NS,162.4590301513672
2016-05-02,ITC.NS,160.5592041015625
2016-05-03,ITC.NS,158.00946044921875
2016-05-04,ITC.NS,156.3096466064453
2016-05-05,ITC.NS,158.8094024658203
2016-05-06,ITC.NS,158.83441162109375
2016-05-09,ITC.NS,162.384033203125
2016-05-10,ITC.NS,161.73411560058594
2016-05-11,ITC.NS,158.98439025878906
2016-05-12,ITC.NS,159.08433532714844
2016-05-13,ITC.NS,159.65928649902344
2016-05-16,ITC.NS,164.68382263183594
2016-05-17,ITC.NS,165.23373413085938
2016-05-18,ITC.NS,166.33364868164062
2016-05-19,ITC.NS,162.40902709960938
2016-05-20,ITC.NS,165.1587677001953
2016-05-23,ITC.NS,173.407958984375
2016-05-24,ITC.NS,174.00791931152344
2016-05-25,ITC.NS,178.00747680664062
2016-05-26,ITC.NS,181.20718383789062
2016-05-27,ITC.NS,179.6323699951172
2016-05-30,ITC.NS,181.51622009277344
2016-05-31,ITC.NS,178.7412872314453
2016-06-01,ITC.NS,184.01112365722656
2016-06-02,ITC.NS,182.27999877929688
2016-06-03,ITC.NS,180.1924285888672
2016-06-06,ITC.NS,181.0579833984375
2016-06-07,ITC.NS,184.698486328125
2016-06-08,ITC.NS,184.72393798828125
2016-06-09,ITC.NS,180.2942352294922
2016-06-10,ITC.NS,178.5631103515625
2016-06-13,ITC.NS,178.15577697753906
2016-06-14,ITC.NS,179.88693237304688
2016-06-15,ITC.NS,183.06918334960938
2016-06-16,ITC.NS,180.7015838623047
2016-06-17,ITC.NS,183.22190856933594
2016-06-20,ITC.NS,182.305419921875
2016-06-21,ITC.NS,182.53456115722656
2016-06-22,ITC.NS,180.59971618652344
2016-06-23,ITC.NS,183.4256134033203
2016-06-24,ITC.NS,180.2942352294922
2016-06-27,ITC.NS,182.76368713378906
2016-06-28,ITC.NS,187.62620544433594
2016-06-29,ITC.NS,186.5060272216797
2016-06-30,ITC.NS,187.57528686523438
2016-07-01,ITC.NS,192.73052978515625
2016-07-04,ITC.NS,187.04066467285156
2016-07-05,ITC.NS,186.0095977783203
2016-07-07,ITC.NS,188.64451599121094
2016-07-08,ITC.NS,187.76620483398438
2016-07-11,ITC.NS,190.2865447998047
2016-07-12,ITC.NS,189.71376037597656
2016-07-13,ITC.NS,188.7208709716797
2016-07-14,ITC.NS,189.94285583496094
2016-07-15,ITC.NS,190.0574188232422
2016-07-18,ITC.NS,190.09561157226562
2016-07-19,ITC.NS,190.21017456054688
2016-07-20,ITC.NS,191.1266632080078
2016-07-21,ITC.NS,191.39395141601562
2016-07-22,ITC.NS,190.8211669921875
2016-07-25,ITC.NS,192.27227783203125
2016-07-26,ITC.NS,192.27227783203125
2016-07-27,ITC.NS,188.9499969482422
2016-07-28,ITC.NS,194.21983337402344
2016-07-29,ITC.NS,192.80691528320312
2016-08-01,ITC.NS,191.39395141601562
2016-08-02,ITC.NS,199.1841278076172
2016-08-03,ITC.NS,192.99783325195312
2016-08-04,ITC.NS,192.53958129882812
2016-08-05,ITC.NS,192.88330078125
2016-08-08,ITC.NS,190.89752197265625
2016-08-09,ITC.NS,189.14093017578125
2016-08-10,ITC.NS,188.26263427734375
2016-08-11,ITC.NS,192.19590759277344
2016-08-12,ITC.NS,194.0670928955078
2016-08-16,ITC.NS,194.830810546875
2016-08-17,ITC.NS,193.76156616210938
2016-08-18,ITC.NS,192.5778045654297
2016-08-19,ITC.NS,191.66128540039062
2016-08-22,ITC.NS,194.0670928955078
2016-08-23,ITC.NS,192.0049591064453
2016-08-24,ITC.NS,191.1266632080078
2016-08-25,ITC.NS,193.57064819335938
2016-08-26,ITC.NS,193.83795166015625
2016-08-29,ITC.NS,193.07423400878906
2016-08-30,ITC.NS,196.5110626220703
2016-08-31,ITC.NS,198.61134338378906
2016-09-01,ITC.NS,199.33689880371094
2016-09-02,ITC.NS,200.7880096435547
2016-09-06,ITC.NS,200.5589141845703
2016-09-07,ITC.NS,200.71163940429688
2016-09-08,ITC.NS,202.31549072265625
2016-09-09,ITC.NS,197.27479553222656
2016-09-12,ITC.NS,192.65415954589844
2016-09-14,ITC.NS,192.34866333007812
2016-09-15,ITC.NS,195.44180297851562
2016-09-16,ITC.NS,198.84043884277344
2016-09-19,ITC.NS,197.69485473632812
2016-09-20,ITC.NS,196.24375915527344
2016-09-21,ITC.NS,193.72340393066406
2016-09-22,ITC.NS,194.9453582763672
2016-09-23,ITC.NS,193.57064819335938
2016-09-26,ITC.NS,189.44644165039062
2016-09-27,ITC.NS,187.76620483398438
2016-09-28,ITC.NS,188.6063232421875
2016-09-29,ITC.NS,187.65162658691406
2016-09-30,ITC.NS,184.32936096191406
2016-10-03,ITC.NS,185.05491638183594
2016-10-04,ITC.NS,184.21478271484375
2016-10-05,ITC.NS,183.45103454589844
2016-10-06,ITC.NS,181.31256103515625
2016-10-07,ITC.NS,182.49636840820312
2016-10-10,ITC.NS,183.37466430664062
2016-10-13,ITC.NS,182.49636840820312
2016-10-14,ITC.NS,183.22190856933594
2016-10-17,ITC.NS,183.75656127929688
2016-10-18,ITC.NS,187.8425750732422
2016-10-19,ITC.NS,182.8782501220703
2016-10-20,ITC.NS,182.80189514160156
2016-10-21,ITC.NS,183.41285705566406
2016-10-24,ITC.NS,184.32936096191406
2016-10-25,ITC.NS,182.3436279296875
2016-10-26,ITC.NS,182.3436279296875
2016-10-27,ITC.NS,185.66590881347656
2016-10-28,ITC.NS,185.66590881347656
2016-11-01,ITC.NS,183.26011657714844
2016-11-02,ITC.NS,181.23619079589844
2016-11-03,ITC.NS,183.52740478515625
2016-11-04,ITC.NS,190.21017456054688
2016-11-07,ITC.NS,195.90005493164062
2016-11-08,ITC.NS,195.2126922607422
2016-11-09,ITC.NS,189.52281188964844
2016-11-10,ITC.NS,191.73764038085938
2016-11-11,ITC.NS,185.5513458251953
2016-11-15,ITC.NS,181.38893127441406
2016-11-16,ITC.NS,176.3482208251953
2016-11-17,ITC.NS,176.8064727783203
2016-11-18,ITC.NS,174.01882934570312
2016-11-21,ITC.NS,171.2311553955078
2016-11-22,ITC.NS,172.6822509765625
2016-11-23,ITC.NS,171.57484436035156
2016-11-24,ITC.NS,170.69654846191406
2016-11-25,ITC.NS,174.744384765625
2016-11-28,ITC.NS,178.48670959472656
2016-11-29,ITC.NS,176.4628143310547
2016-11-30,ITC.NS,177.57025146484375
2016-12-01,ITC.NS,178.33399963378906
2016-12-02,ITC.NS,174.51524353027344
2016-12-05,ITC.NS,177.6084442138672
2016-12-06,ITC.NS,175.81361389160156
2016-12-07,ITC.NS,173.52243041992188
2016-12-08,ITC.NS,178.1812286376953
2016-12-09,ITC.NS,180.3578643798828
2016-12-12,ITC.NS,177.41749572753906
2016-12-13,ITC.NS,179.9759979248047
2016-12-14,ITC.NS,178.066650390625
2016-12-15,ITC.NS,175.4317626953125
2016-12-16,ITC.NS,172.87319946289062
2016-12-19,ITC.NS,173.36962890625
2016-12-20,ITC.NS,175.6226806640625
2016-12-21,ITC.NS,172.83502197265625
2016-12-22,ITC.NS,173.78970336914062
2016-12-23,ITC.NS,171.61302185058594
2016-12-26,ITC.NS,171.84214782714844
2016-12-27,ITC.NS,178.75404357910156
2016-12-28,ITC.NS,179.82325744628906
2016-12-29,ITC.NS,180.2433319091797
2016-12-30,ITC.NS,184.5584716796875
2017-01-02,ITC.NS,184.02386474609375
2017-01-03,ITC.NS,185.85684204101562
2017-01-04,ITC.NS,187.46067810058594
2017-01-05,ITC.NS,188.45358276367188
2017-01-06,ITC.NS,185.36041259765625
2017-01-09,ITC.NS,187.76620483398438
2017-01-10,ITC.NS,190.13375854492188
2017-01-11,ITC.NS,189.0645751953125
2017-01-12,ITC.NS,186.84971618652344
2017-01-13,ITC.NS,190.6684112548828
2017-01-16,ITC.NS,190.01922607421875
2017-01-17,ITC.NS,192.42501831054688
2017-01-18,ITC.NS,191.58489990234375
2017-01-19,ITC.NS,194.1052703857422
2017-01-20,ITC.NS,195.05995178222656
2017-01-23,ITC.NS,198.3058319091797
2017-01-24,ITC.NS,198.45860290527344
2017-01-25,ITC.NS,202.7737579345703
2017-01-27,ITC.NS,196.5874481201172
2017-01-30,ITC.NS,195.59457397460938
2017-01-31,ITC.NS,197.12203979492188
2017-02-01,ITC.NS,205.98147583007812
2017-02-02,ITC.NS,209.49468994140625
2017-02-03,ITC.NS,208.5399932861328
2017-02-06,ITC.NS,211.40406799316406
2017-02-07,ITC.NS,211.6331787109375
2017-02-08,ITC.NS,209.8765106201172
2017-02-09,ITC.NS,212.05320739746094
2017-02-10,ITC.NS,208.76913452148438
2017-02-13,ITC.NS,206.6688232421875
2017-02-14,ITC.NS,206.82156372070312
2017-02-15,ITC.NS,208.8072967529297
2017-02-16,ITC.NS,203.6520538330078
2017-02-17,ITC.NS,204.7976531982422
2017-02-20,ITC.NS,203.1938018798828
2017-02-21,ITC.NS,200.97891235351562
2017-02-22,ITC.NS,201.2080841064453
2017-02-23,ITC.NS,202.8883056640625
2017-02-27,ITC.NS,202.08636474609375
2017-02-28,ITC.NS,200.25340270996094
2017-03-01,ITC.NS,205.06497192382812
2017-03-02,ITC.NS,202.200927734375
2017-03-03,ITC.NS,199.75697326660156
2017-03-06,ITC.NS,201.70448303222656
2017-03-07,ITC.NS,201.81907653808594
2017-03-08,ITC.NS,201.74267578125
2017-03-09,ITC.NS,202.35369873046875
2017-03-10,ITC.NS,201.2080841064453
2017-03-14,ITC.NS,203.99574279785156
2017-03-15,ITC.NS,204.83587646484375
2017-03-16,ITC.NS,205.02682495117188
2017-03-17,ITC.NS,214.80271911621094
2017-03-20,ITC.NS,215.2991180419922
2017-03-21,ITC.NS,219.88156127929688
2017-03-22,ITC.NS,213.7334442138672
2017-03-23,ITC.NS,212.01502990722656
2017-03-24,ITC.NS,214.6117706298828
2017-03-27,ITC.NS,215.07000732421875
2017-03-28,ITC.NS,214.22991943359375
2017-03-29,ITC.NS,216.29202270507812
2017-03-30,ITC.NS,215.9482879638672
2017-03-31,ITC.NS,214.0771484375
2017-04-03,ITC.NS,215.03182983398438
2017-04-05,ITC.NS,213.04611206054688
2017-04-06,ITC.NS,209.34193420410156
2017-04-07,ITC.NS,208.23452758789062
2017-04-10,ITC.NS,208.92185974121094
2017-04-11,ITC.NS,215.41366577148438
2017-04-12,ITC.NS,215.2991180419922
2017-04-13,ITC.NS,213.1988525390625
2017-04-17,ITC.NS,213.1605987548828
2017-04-18,ITC.NS,213.12242126464844
2017-04-19,ITC.NS,212.85511779785156
2017-04-20,ITC.NS,213.46615600585938
2017-04-21,ITC.NS,209.5328826904297
2017-04-24,ITC.NS,211.36585998535156
2017-04-25,ITC.NS,214.8408966064453
2017-04-26,ITC.NS,222.17279052734375
2017-04-27,ITC.NS,218.27774047851562
2017-04-28,ITC.NS,212.32052612304688
2017-05-02,ITC.NS,213.237060546875
2017-05-03,ITC.NS,211.7477264404297
2017-05-04,ITC.NS,214.7645263671875
2017-05-05,ITC.NS,211.6713409423828
2017-05-08,ITC.NS,208.46363830566406
2017-05-09,ITC.NS,207.35623168945312
2017-05-10,ITC.NS,209.2273712158203
2017-05-11,ITC.NS,211.2894744873047
2017-05-12,ITC.NS,209.99111938476562
2017-05-15,ITC.NS,212.28231811523438
2017-05-16,ITC.NS,216.48294067382812
2017-05-17,ITC.NS,215.1082000732422
2017-05-18,ITC.NS,212.24417114257812
2017-05-19,ITC.NS,218.58323669433594
2017-05-22,ITC.NS,231.87237548828125
2017-05-23,ITC.NS,229.23744201660156
2017-05-24,ITC.NS,229.04649353027344
2017-05-25,ITC.NS,229.16104125976562
2017-05-26,ITC.NS,236.0729522705078
2017-05-29,ITC.NS,241.2281951904297
2017-05-30,ITC.NS,237.8677520751953
2017-05-31,ITC.NS,238.13504028320312
2017-06-01,ITC.NS,239.96798706054688
2017-06-02,ITC.NS,243.7867431640625
2017-06-05,ITC.NS,246.11256408691406
2017-06-06,ITC.NS,241.1508026123047
2017-06-07,ITC.NS,242.0811309814453
2017-06-08,ITC.NS,241.57720947265625
2017-06-09,ITC.NS,237.23565673828125
2017-06-12,ITC.NS,235.99513244628906
2017-06-13,ITC.NS,236.6541748046875
2017-06-14,ITC.NS,232.4676513671875
2017-06-15,ITC.NS,234.05697631835938
2017-06-16,ITC.NS,237.8558349609375
2017-06-19,ITC.NS,241.0344696044922
2017-06-20,ITC.NS,239.32884216308594
2017-06-21,ITC.NS,239.52272033691406
2017-06-22,ITC.NS,241.34458923339844
2017-06-23,ITC.NS,241.1120147705078
2017-06-27,ITC.NS,242.15863037109375
2017-06-28,ITC.NS,239.05755615234375
2017-06-29,ITC.NS,241.57720947265625
2017-06-30,ITC.NS,250.91929626464844
2017-07-03,ITC.NS,265.5332946777344
2017-07-04,ITC.NS,261.463134765625
2017-07-05,ITC.NS,256.6563720703125
2017-07-06,ITC.NS,261.3468322753906
2017-07-07,ITC.NS,259.1760559082031
2017-07-10,ITC.NS,258.4007263183594
2017-07-11,ITC.NS,256.1524353027344
2017-07-12,ITC.NS,254.95079040527344
2017-07-13,ITC.NS,262.6260681152344
2017-07-14,ITC.NS,261.38555908203125
2017-07-17,ITC.NS,252.0821990966797
2017-07-18,ITC.NS,220.6059112548828
2017-07-19,ITC.NS,225.95530700683594
2017-07-20,ITC.NS,224.44354248046875
2017-07-21,ITC.NS,223.97836303710938
2017-07-24,ITC.NS,227.35079956054688
2017-07-25,ITC.NS,225.9165496826172
2017-07-26,ITC.NS,227.66094970703125
2017-07-27,ITC.NS,223.70697021484375
2017-07-28,ITC.NS,226.0328369140625
2017-07-31,ITC.NS,221.14859008789062
2017-08-01,ITC.NS,223.164306640625
2017-08-02,ITC.NS,221.3035888671875
2017-08-03,ITC.NS,218.1637420654297
2017-08-04,ITC.NS,217.65977478027344
2017-08-07,ITC.NS,216.96205139160156
2017-08-08,ITC.NS,212.54295349121094
2017-08-09,ITC.NS,211.53512573242188
2017-08-10,ITC.NS,211.7289276123047
2017-08-11,ITC.NS,210.48849487304688
2017-08-14,ITC.NS,210.29464721679688
2017-08-16,ITC.NS,216.45816040039062
2017-08-17,ITC.NS,217.07835388183594
2017-08-18,ITC.NS,218.5126495361328
2017-08-21,ITC.NS,218.3188018798828
2017-08-22,ITC.NS,219.32669067382812
2017-08-23,ITC.NS,219.0552978515625
2017-08-24,ITC.NS,218.2025146484375
2017-08-28,ITC.NS,218.97779846191406
2017-08-29,ITC.NS,217.2721710205078
2017-08-30,ITC.NS,218.62892150878906
2017-08-31,ITC.NS,218.82272338867188
2017-09-01,ITC.NS,219.86936950683594
2017-09-04,ITC.NS,219.48175048828125
2017-09-05,ITC.NS,219.2879180908203
2017-09-06,ITC.NS,213.7446746826172
2017-09-07,ITC.NS,209.63565063476562
2017-09-08,ITC.NS,211.14749145507812
2017-09-11,ITC.NS,212.11656188964844
2017-09-12,ITC.NS,215.25643920898438
2017-09-13,ITC.NS,210.48849487304688
2017-09-14,ITC.NS,210.87612915039062
2017-09-15,ITC.NS,208.7828369140625
2017-09-18,ITC.NS,206.99974060058594
2017-09-19,ITC.NS,207.65872192382812
2017-09-20,ITC.NS,210.5272216796875
2017-09-21,ITC.NS,208.97665405273438
2017-09-22,ITC.NS,208.1239013671875
2017-09-25,ITC.NS,203.31712341308594
2017-09-26,ITC.NS,203.47218322753906
2017-09-27,ITC.NS,200.4098358154297
2017-09-28,ITC.NS,202.77444458007812
2017-09-29,ITC.NS,200.25477600097656
2017-10-03,ITC.NS,202.65814208984375
2017-10-04,ITC.NS,207.30979919433594
2017-10-05,ITC.NS,205.64295959472656
2017-10-06,ITC.NS,206.34071350097656
2017-10-09,ITC.NS,207.77500915527344
2017-10-10,ITC.NS,206.37948608398438
2017-10-11,ITC.NS,205.75926208496094
2017-10-12,ITC.NS,206.99974060058594
2017-10-13,ITC.NS,206.18563842773438
2017-10-16,ITC.NS,207.3873748779297
2017-10-17,ITC.NS,207.1935272216797
2017-10-18,ITC.NS,209.596923828125
2017-10-19,ITC.NS,209.05421447753906
2017-10-23,ITC.NS,207.03846740722656
2017-10-24,ITC.NS,206.99974060058594
2017-10-25,ITC.NS,208.7440643310547
2017-10-26,ITC.NS,208.08509826660156
2017-10-27,ITC.NS,208.82164001464844
2017-10-30,ITC.NS,205.56544494628906
2017-10-31,ITC.NS,205.99188232421875
2017-11-01,ITC.NS,209.20924377441406
2017-11-02,ITC.NS,205.9530792236328
2017-11-03,ITC.NS,205.75926208496094
2017-11-06,ITC.NS,205.37161254882812
2017-11-07,ITC.NS,205.6817169189453
2017-11-08,ITC.NS,205.75926208496094
2017-11-09,ITC.NS,201.61151123046875
2017-11-10,ITC.NS,202.89076232910156
2017-11-13,ITC.NS,200.25477600097656
2017-11-14,ITC.NS,198.89804077148438
2017-11-15,ITC.NS,196.37840270996094
2017-11-16,ITC.NS,197.7738800048828
2017-11-17,ITC.NS,200.02218627929688
2017-11-20,ITC.NS,200.95252990722656
2017-11-21,ITC.NS,198.31658935546875
2017-11-22,ITC.NS,200.1384735107422
2017-11-23,ITC.NS,200.1384735107422
2017-11-24,ITC.NS,202.1542205810547
2017-11-27,ITC.NS,200.9912872314453
2017-11-28,ITC.NS,199.24693298339844
2017-11-29,ITC.NS,200.06097412109375
2017-11-30,ITC.NS,198.51039123535156
2017-12-01,ITC.NS,197.8513946533203
2017-12-04,ITC.NS,197.7738800048828
2017-12-05,ITC.NS,196.8047637939453
2017-12-06,ITC.NS,195.06040954589844
2017-12-07,ITC.NS,196.41712951660156
2017-12-08,ITC.NS,203.2783660888672
2017-12-11,ITC.NS,206.4182586669922
2017-12-12,ITC.NS,202.77444458007812
2017-12-13,ITC.NS,200.79747009277344
2017-12-14,ITC.NS,204.86770629882812
2017-12-15,ITC.NS,205.13902282714844
2017-12-18,ITC.NS,204.0536651611328
2017-12-19,ITC.NS,204.86770629882812
2017-12-20,ITC.NS,204.13116455078125
2017-12-21,ITC.NS,203.93736267089844
2017-12-22,ITC.NS,203.97613525390625
2017-12-26,ITC.NS,204.7901611328125
2017-12-27,ITC.NS,203.23960876464844
2017-12-28,ITC.NS,203.00704956054688
2017-12-29,ITC.NS,204.0924072265625
2018-01-01,ITC.NS,203.35586547851562
2018-01-02,ITC.NS,202.1542205810547
2018-01-03,ITC.NS,202.4643096923828
2018-01-04,ITC.NS,202.77444458007812
2018-01-05,ITC.NS,203.82106018066406
2018-01-08,ITC.NS,205.91429138183594
2018-01-09,ITC.NS,209.75192260742188
2018-01-10,ITC.NS,208.8603973388672
2018-01-11,ITC.NS,209.1704559326172
2018-01-12,ITC.NS,207.42611694335938
2018-01-15,ITC.NS,207.46487426757812
2018-01-16,ITC.NS,202.89076232910156
2018-01-17,ITC.NS,206.26319885253906
2018-01-18,ITC.NS,211.96148681640625
2018-01-19,ITC.NS,212.8530731201172
2018-01-22,ITC.NS,212.1553497314453
2018-01-23,ITC.NS,214.44241333007812
2018-01-24,ITC.NS,218.2025146484375
2018-01-25,ITC.NS,218.04745483398438
2018-01-29,ITC.NS,213.7058868408203
2018-01-30,ITC.NS,213.35702514648438
2018-01-31,ITC.NS,210.4109344482422
2018-02-01,ITC.NS,213.43450927734375
2018-02-02,ITC.NS,213.47329711914062
2018-02-05,ITC.NS,216.49688720703125
2018-02-06,ITC.NS,212.0390167236328
2018-02-07,ITC.NS,213.31825256347656
2018-02-08,ITC.NS,212.5041961669922
2018-02-09,ITC.NS,210.3721923828125
2018-02-12,ITC.NS,209.20924377441406
2018-02-14,ITC.NS,206.61207580566406
2018-02-15,ITC.NS,207.85252380371094
2018-02-16,ITC.NS,206.57330322265625
2018-02-19,ITC.NS,204.7513885498047
2018-02-20,ITC.NS,204.0924072265625
2018-02-21,ITC.NS,207.93006896972656
2018-02-22,ITC.NS,207.07723999023438
2018-02-23,ITC.NS,208.58905029296875
2018-02-26,ITC.NS,206.6508331298828
2018-02-27,ITC.NS,206.53453063964844
2018-02-28,ITC.NS,205.4879150390625
2018-03-01,ITC.NS,204.67388916015625
2018-03-05,ITC.NS,201.76657104492188
2018-03-06,ITC.NS,198.85928344726562
2018-03-07,ITC.NS,201.49520874023438
2018-03-08,ITC.NS,200.68118286132812
2018-03-09,ITC.NS,200.9912872314453
2018-03-12,ITC.NS,209.40309143066406
2018-03-13,ITC.NS,208.8991241455078
2018-03-14,ITC.NS,207.81373596191406
2018-03-15,ITC.NS,205.87551879882812
2018-03-16,ITC.NS,201.9604034423828
2018-03-19,ITC.NS,200.9137725830078
2018-03-20,ITC.NS,200.95252990722656
2018-03-21,ITC.NS,200.8362274169922
2018-03-22,ITC.NS,200.25477600097656
2018-03-23,ITC.NS,198.47161865234375
2018-03-26,ITC.NS,200.09971618652344
2018-03-27,ITC.NS,200.71995544433594
2018-03-28,ITC.NS,198.08401489257812
2018-04-02,ITC.NS,200.21600341796875
2018-04-03,ITC.NS,200.4098358154297
2018-04-04,ITC.NS,200.48736572265625
2018-04-05,ITC.NS,201.3013916015625
2018-04-06,ITC.NS,202.2317352294922
2018-04-09,ITC.NS,206.0693359375
2018-04-10,ITC.NS,206.7671356201172
2018-04-11,ITC.NS,205.56544494628906
2018-04-12,ITC.NS,203.0845489501953
2018-04-13,ITC.NS,202.1542205810547
2018-04-16,ITC.NS,205.02276611328125
2018-04-17,ITC.NS,207.46487426757812
2018-04-18,ITC.NS,213.47329711914062
2018-04-19,ITC.NS,215.02389526367188
2018-04-20,ITC.NS,214.13229370117188
2018-04-23,ITC.NS,213.58961486816406
2018-04-24,ITC.NS,213.97723388671875
2018-04-25,ITC.NS,212.5041961669922
2018-04-26,ITC.NS,215.72166442871094
2018-04-27,ITC.NS,216.61317443847656
2018-04-30,ITC.NS,218.2025146484375
2018-05-02,ITC.NS,222.69911193847656
2018-05-03,ITC.NS,220.95474243164062
2018-05-04,ITC.NS,214.86878967285156
2018-05-07,ITC.NS,218.82272338867188
2018-05-08,ITC.NS,219.17164611816406
2018-05-09,ITC.NS,218.8614959716797
2018-05-10,ITC.NS,217.19464111328125
2018-05-11,ITC.NS,219.9081268310547
2018-05-14,ITC.NS,220.7996826171875
2018-05-15,ITC.NS,218.5126495361328
2018-05-16,ITC.NS,221.61373901367188
2018-05-17,ITC.NS,216.2643280029297
2018-05-18,ITC.NS,218.8614959716797
2018-05-21,ITC.NS,218.90028381347656
2018-05-22,ITC.NS,216.1092529296875
2018-05-23,ITC.NS,212.00027465820312
2018-05-24,ITC.NS,213.08563232421875
2018-05-25,ITC.NS,215.139892578125
2018-05-28,ITC.NS,217.51010131835938
2018-05-29,ITC.NS,216.52252197265625
2018-05-30,ITC.NS,214.82383728027344
2018-05-31,ITC.NS,214.6263427734375
2018-06-01,ITC.NS,213.28321838378906
2018-06-04,ITC.NS,212.45358276367188
2018-06-05,ITC.NS,211.34750366210938
2018-06-06,ITC.NS,213.638671875
2018-06-07,ITC.NS,214.15225219726562
2018-06-08,ITC.NS,211.6634979248047
2018-06-11,ITC.NS,212.73011779785156
2018-06-12,ITC.NS,213.52020263671875
2018-06-13,ITC.NS,211.62400817871094
2018-06-14,ITC.NS,211.1499481201172
2018-06-15,ITC.NS,208.9772186279297
2018-06-18,ITC.NS,209.0167236328125
2018-06-19,ITC.NS,210.20181274414062
2018-06-20,ITC.NS,208.3846435546875
2018-06-21,ITC.NS,206.09341430664062
2018-06-22,ITC.NS,209.49075317382812
2018-06-25,ITC.NS,207.47605895996094
2018-06-26,ITC.NS,209.2142333984375
2018-06-27,ITC.NS,207.59457397460938
2018-06-28,ITC.NS,205.81689453125
2018-06-29,ITC.NS,210.32037353515625
2018-07-02,ITC.NS,207.8315887451172
2018-07-03,ITC.NS,209.7278289794922
2018-07-04,ITC.NS,208.89820861816406
2018-07-05,ITC.NS,215.2978973388672
2018-07-06,ITC.NS,215.4163818359375
2018-07-09,ITC.NS,216.79904174804688
2018-07-10,ITC.NS,218.8927764892578
2018-07-11,ITC.NS,217.8656768798828
2018-07-12,ITC.NS,219.01132202148438
2018-07-13,ITC.NS,213.638671875
2018-07-16,ITC.NS,214.58682250976562
2018-07-17,ITC.NS,213.2041778564453
2018-07-18,ITC.NS,212.1770782470703
2018-07-19,ITC.NS,215.92996215820312
2018-07-20,ITC.NS,216.4830322265625
2018-07-23,ITC.NS,224.5023956298828
2018-07-24,ITC.NS,225.68751525878906
2018-07-25,ITC.NS,226.08253479003906
2018-07-26,ITC.NS,226.9121551513672
2018-07-27,ITC.NS,239.03990173339844
2018-07-30,ITC.NS,237.85476684570312
2018-07-31,ITC.NS,235.20802307128906
2018-08-01,ITC.NS,238.28933715820312
2018-08-02,ITC.NS,236.39317321777344
2018-08-03,ITC.NS,240.14608764648438
2018-08-06,ITC.NS,238.4473419189453
2018-08-07,ITC.NS,237.8943328857422
2018-08-08,ITC.NS,237.7758026123047
2018-08-09,ITC.NS,239.0004119873047
2018-08-10,ITC.NS,240.81761169433594
2018-08-13,ITC.NS,241.7261962890625
2018-08-14,ITC.NS,243.266845703125
2018-08-16,ITC.NS,242.91131591796875
2018-08-17,ITC.NS,247.8888397216797
2018-08-20,ITC.NS,247.5332794189453
2018-08-21,ITC.NS,247.21730041503906
2018-08-23,ITC.NS,246.50624084472656
2018-08-24,ITC.NS,245.24208068847656
2018-08-27,ITC.NS,247.61231994628906
2018-08-28,ITC.NS,246.2296905517578
2018-08-29,ITC.NS,247.1382598876953
2018-08-30,ITC.NS,252.70834350585938
2018-08-31,ITC.NS,252.70834350585938
2018-09-03,ITC.NS,247.4542999267578
2018-09-04,ITC.NS,244.6100311279297
2018-09-05,ITC.NS,245.12356567382812
2018-09-06,ITC.NS,245.5581512451172
2018-09-07,ITC.NS,245.28160095214844
2018-09-10,ITC.NS,242.2002410888672
2018-09-11,ITC.NS,234.81295776367188
2018-09-12,ITC.NS,242.39773559570312
2018-09-14,ITC.NS,242.67430114746094
2018-09-17,ITC.NS,238.60533142089844
2018-09-18,ITC.NS,239.59300231933594
2018-09-19,ITC.NS,236.74868774414062
2018-09-21,ITC.NS,240.14608764648438
2018-09-24,ITC.NS,235.405517578125
2018-09-25,ITC.NS,237.9337921142578
2018-09-26,ITC.NS,231.6131134033203
2018-09-27,ITC.NS,231.7316436767578
2018-09-28,ITC.NS,235.24749755859375
2018-10-01,ITC.NS,234.73397827148438
2018-10-03,ITC.NS,233.2328338623047
2018-10-04,ITC.NS,226.83314514160156
2018-10-05,ITC.NS,218.458251953125
2018-10-08,ITC.NS,215.85096740722656
2018-10-09,ITC.NS,212.1375274658203
2018-10-10,ITC.NS,213.4016571044922
2018-10-11,ITC.NS,209.5302734375
2018-10-12,ITC.NS,217.43112182617188
2018-10-15,ITC.NS,223.19871520996094
2018-10-16,ITC.NS,223.31724548339844
2018-10-17,ITC.NS,226.319580078125
2018-10-19,ITC.NS,228.68983459472656
2018-10-22,ITC.NS,227.93927001953125
2018-10-23,ITC.NS,225.9639892578125
2018-10-24,ITC.NS,227.3466796875
2018-10-25,ITC.NS,227.1886444091797
2018-10-26,ITC.NS,221.93458557128906
2018-10-29,ITC.NS,223.9888153076172
2018-10-30,ITC.NS,220.3939666748047
2018-10-31,ITC.NS,221.3025360107422
2018-11-01,ITC.NS,219.16929626464844
2018-11-02,ITC.NS,223.7913055419922
2018-11-05,ITC.NS,220.90753173828125
2018-11-06,ITC.NS,219.09031677246094
2018-11-07,ITC.NS,221.2630157470703
2018-11-09,ITC.NS,219.05078125
2018-11-12,ITC.NS,216.364501953125
2018-11-13,ITC.NS,218.73477172851562
2018-11-14,ITC.NS,218.4187774658203
2018-11-15,ITC.NS,216.87808227539062
2018-11-16,ITC.NS,218.49771118164062
2018-11-19,ITC.NS,224.77891540527344
2018-11-20,ITC.NS,224.26535034179688
2018-11-21,ITC.NS,222.60614013671875
2018-11-22,ITC.NS,221.6185760498047
2018-11-26,ITC.NS,225.68751525878906
2018-11-27,ITC.NS,225.05545043945312
2018-11-28,ITC.NS,222.96173095703125
2018-11-29,ITC.NS,227.1886444091797
2018-11-30,ITC.NS,225.80601501464844
2018-12-03,ITC.NS,223.5542755126953
2018-12-04,ITC.NS,222.68521118164062
2018-12-05,ITC.NS,217.54962158203125
2018-12-06,ITC.NS,215.73243713378906
2018-12-07,ITC.NS,216.52252197265625
2018-12-10,ITC.NS,213.67823791503906
2018-12-11,ITC.NS,217.0360870361328
2018-12-12,ITC.NS,218.1026611328125
2018-12-13,ITC.NS,217.51010131835938
2018-12-14,ITC.NS,217.8656768798828
2018-12-17,ITC.NS,221.10504150390625
2018-12-18,ITC.NS,219.76185607910156
2018-12-19,ITC.NS,223.9493408203125
2018-12-20,ITC.NS,223.31724548339844
2018-12-21,ITC.NS,218.65576171875
2018-12-24,ITC.NS,218.0631866455078
2018-12-26,ITC.NS,218.5767364501953
2018-12-27,ITC.NS,221.81610107421875
2018-12-28,ITC.NS,223.00123596191406
2018-12-31,ITC.NS,222.52716064453125
2019-01-01,ITC.NS,223.3567657470703
2019-01-02,ITC.NS,221.69761657714844
2019-01-03,ITC.NS,220.31491088867188
2019-01-04,ITC.NS,221.97413635253906
2019-01-07,ITC.NS,222.52716064453125
2019-01-08,ITC.NS,224.58140563964844
2019-01-09,ITC.NS,229.44041442871094
2019-01-10,ITC.NS,228.80833435058594
2019-01-11,ITC.NS,233.35133361816406
2019-01-14,ITC.NS,232.52169799804688
2019-01-15,ITC.NS,234.29937744140625
2019-01-16,ITC.NS,232.32418823242188
2019-01-17,ITC.NS,232.24522399902344
2019-01-18,ITC.NS,230.27000427246094
2019-01-21,ITC.NS,229.0453643798828
2019-01-22,ITC.NS,228.9268341064453
2019-01-23,ITC.NS,219.09031677246094
2019-01-24,ITC.NS,220.35446166992188
2019-01-25,ITC.NS,220.59144592285156
2019-01-28,ITC.NS,217.07559204101562
2019-01-29,ITC.NS,219.9989013671875
2019-01-30,ITC.NS,217.66815185546875
2019-01-31,ITC.NS,220.15692138671875
2019-02-01,ITC.NS,221.8950958251953
2019-02-04,ITC.NS,218.93228149414062
2019-02-05,ITC.NS,216.60153198242188
2019-02-06,ITC.NS,219.40634155273438
2019-02-07,ITC.NS,221.46058654785156
2019-02-08,ITC.NS,217.66815185546875
2019-02-11,ITC.NS,218.93228149414062
2019-02-12,ITC.NS,217.51010131835938
2019-02-14,ITC.NS,219.5643768310547
2019-02-15,ITC.NS,221.3025360107422
2019-02-18,ITC.NS,217.0360870361328
2019-02-19,ITC.NS,217.98419189453125
2019-02-20,ITC.NS,217.94467163085938
2019-02-21,ITC.NS,217.31260681152344
2019-02-22,ITC.NS,216.7200164794922
2019-02-25,ITC.NS,218.61622619628906
2019-02-26,ITC.NS,217.66815185546875
2019-02-27,ITC.NS,217.35211181640625
2019-02-28,ITC.NS,218.1026611328125
2019-03-01,ITC.NS,219.80140686035156
2019-03-05,ITC.NS,223.23825073242188
2019-03-06,ITC.NS,225.76651000976562
2019-03-07,ITC.NS,229.20338439941406
2019-03-08,ITC.NS,230.7045440673828
2019-03-11,ITC.NS,231.4551239013672
2019-03-12,ITC.NS,232.6797332763672
2019-03-13,ITC.NS,232.99578857421875
2019-03-14,ITC.NS,233.46981811523438
2019-03-15,ITC.NS,229.75640869140625
2019-03-18,ITC.NS,231.92913818359375
2019-03-19,ITC.NS,236.59063720703125
2019-03-20,ITC.NS,236.15611267089844
2019-03-22,ITC.NS,235.6030731201172
2019-03-25,ITC.NS,233.11427307128906
2019-03-26,ITC.NS,231.81063842773438
2019-03-27,ITC.NS,231.57362365722656
2019-03-28,ITC.NS,237.02517700195312
2019-04-01,ITC.NS,234.85247802734375
2019-04-02,ITC.NS,235.36602783203125
2019-04-03,ITC.NS,233.98336791992188
2019-04-04,ITC.NS,232.916748046875
2019-04-05,ITC.NS,232.71922302246094
2019-04-08,ITC.NS,231.29708862304688
2019-04-09,ITC.NS,234.10189819335938
2019-04-10,ITC.NS,232.83775329589844
2019-04-11,ITC.NS,234.180908203125
2019-04-12,ITC.NS,241.5681915283203
2019-04-15,ITC.NS,241.37066650390625
2019-04-16,ITC.NS,242.71385192871094
2019-04-18,ITC.NS,240.50157165527344
2019-04-22,ITC.NS,238.4473419189453
2019-04-23,ITC.NS,239.7114715576172
2019-04-24,ITC.NS,242.12123107910156
2019-04-25,ITC.NS,240.30406188964844
2019-04-26,ITC.NS,240.62005615234375
2019-04-30,ITC.NS,238.09182739257812
2019-05-02,ITC.NS,240.97564697265625
2019-05-03,ITC.NS,240.38304138183594
2019-05-06,ITC.NS,242.5557861328125
2019-05-07,ITC.NS,238.5263671875
2019-05-08,ITC.NS,237.5387725830078
2019-05-09,ITC.NS,236.90670776367188
2019-05-10,ITC.NS,235.24749755859375
2019-05-13,ITC.NS,228.57130432128906
2019-05-14,ITC.NS,232.5612335205078
2019-05-15,ITC.NS,234.69442749023438
2019-05-16,ITC.NS,232.8772735595703
2019-05-17,ITC.NS,238.13131713867188
2019-05-20,ITC.NS,242.5557861328125
2019-05-21,ITC.NS,241.6867218017578
2019-05-22,ITC.NS,241.36459350585938
2019-05-23,ITC.NS,232.06436157226562
2019-05-24,ITC.NS,233.87606811523438
2019-05-27,ITC.NS,234.1981658935547
2019-05-28,ITC.NS,232.62796020507812
2019-05-29,ITC.NS,231.9838104248047
2019-05-30,ITC.NS,232.42665100097656
2019-05-31,ITC.NS,224.2939453125
2019-06-03,ITC.NS,224.2939453125
2019-06-04,ITC.NS,224.85760498046875
2019-06-06,ITC.NS,222.03933715820312
2019-06-07,ITC.NS,221.63673400878906
2019-06-10,ITC.NS,224.97840881347656
2019-06-11,ITC.NS,225.3407440185547
2019-06-12,ITC.NS,225.42129516601562
2019-06-13,ITC.NS,225.94468688964844
2019-06-14,ITC.NS,223.891357421875
2019-06-17,ITC.NS,221.43539428710938
2019-06-18,ITC.NS,221.5159454345703
2019-06-19,ITC.NS,223.20693969726562
2019-06-20,ITC.NS,223.0458526611328
2019-06-21,ITC.NS,220.83148193359375
2019-06-24,ITC.NS,222.44195556640625
2019-06-25,ITC.NS,224.253662109375
2019-06-26,ITC.NS,223.36793518066406
2019-06-27,ITC.NS,220.22760009765625
2019-06-28,ITC.NS,220.50941467285156
2019-07-01,ITC.NS,221.39517211914062
2019-07-02,ITC.NS,220.50941467285156
2019-07-03,ITC.NS,222.8042755126953
2019-07-04,ITC.NS,223.5692596435547
2019-07-05,ITC.NS,225.0186767578125
2019-07-08,ITC.NS,223.40818786621094
2019-07-09,ITC.NS,219.90553283691406
2019-07-10,ITC.NS,219.94577026367188
2019-07-11,ITC.NS,221.95880126953125
2019-07-12,ITC.NS,221.47567749023438
2019-07-15,ITC.NS,218.1742706298828
2019-07-16,ITC.NS,218.9795379638672
2019-07-17,ITC.NS,219.7444305419922
2019-07-18,ITC.NS,219.82501220703125
2019-07-19,ITC.NS,216.0404510498047
2019-07-22,ITC.NS,212.90008544921875
2019-07-23,ITC.NS,217.9327392578125
2019-07-24,ITC.NS,218.09375
2019-07-25,ITC.NS,215.67811584472656
2019-07-26,ITC.NS,217.73138427734375
2019-07-29,ITC.NS,215.59756469726562
2019-07-30,ITC.NS,216.52357482910156
2019-07-31,ITC.NS,217.57037353515625
2019-08-01,ITC.NS,215.4365234375
2019-08-02,ITC.NS,212.9806365966797
2019-08-05,ITC.NS,209.1960906982422
2019-08-06,ITC.NS,208.4713897705078
2019-08-07,ITC.NS,204.24398803710938
2019-08-08,ITC.NS,207.54537963867188
2019-08-09,ITC.NS,204.68682861328125
2019-08-13,ITC.NS,198.3256072998047
2019-08-14,ITC.NS,200.29840087890625
2019-08-16,ITC.NS,203.72059631347656
2019-08-19,ITC.NS,202.5530242919922
2019-08-20,ITC.NS,198.48666381835938
2019-08-21,ITC.NS,194.4202880859375
2019-08-22,ITC.NS,193.29299926757812
2019-08-23,ITC.NS,190.1123809814453
2019-08-26,ITC.NS,195.2657928466797
2019-08-27,ITC.NS,197.6814422607422
2019-08-28,ITC.NS,198.04379272460938
2019-08-29,ITC.NS,194.21897888183594
2019-08-30,ITC.NS,197.80223083496094
2019-09-03,ITC.NS,194.50083923339844
2019-09-04,ITC.NS,195.86968994140625
2019-09-05,ITC.NS,196.6749267578125
2019-09-06,ITC.NS,196.39309692382812
2019-09-09,ITC.NS,197.6814422607422
2019-09-11,ITC.NS,196.27227783203125
2019-09-12,ITC.NS,193.85665893554688
2019-09-13,ITC.NS,193.1721649169922
2019-09-16,ITC.NS,192.7696075439453
2019-09-17,ITC.NS,190.99810791015625
2019-09-18,ITC.NS,192.64881896972656
2019-09-19,ITC.NS,190.59548950195312
2019-09-20,ITC.NS,191.6825408935547
2019-09-23,ITC.NS,205.21023559570312
2019-09-24,ITC.NS,206.13626098632812
2019-09-25,ITC.NS,199.33213806152344
2019-09-26,ITC.NS,201.62701416015625
2019-09-27,ITC.NS,203.6803436279297
2019-09-30,ITC.NS,209.23634338378906
2019-10-01,ITC.NS,206.05572509765625
2019-10-03,ITC.NS,210.6857452392578
2019-10-04,ITC.NS,207.14276123046875
2019-10-07,ITC.NS,202.83485412597656
2019-10-09,ITC.NS,198.9697723388672
2019-10-10,ITC.NS,195.82943725585938
2019-10-11,ITC.NS,196.43333435058594
2019-10-14,ITC.NS,196.5541534423828
2019-10-15,ITC.NS,199.37240600585938
2019-10-16,ITC.NS,196.1917724609375
2019-10-17,ITC.NS,197.96327209472656
2019-10-18,ITC.NS,198.48666381835938
2019-10-22,ITC.NS,200.41917419433594
2019-10-23,ITC.NS,202.150390625
2019-10-24,ITC.NS,200.53997802734375
2019-10-25,ITC.NS,199.4529266357422
2019-10-27,ITC.NS,201.62701416015625
2019-10-29,ITC.NS,203.92190551757812
2019-10-30,ITC.NS,208.87399291992188
2019-10-31,ITC.NS,207.46484375
2019-11-01,ITC.NS,210.4038848876953
2019-11-04,ITC.NS,209.96104431152344
2019-11-05,ITC.NS,211.69224548339844
2019-11-06,ITC.NS,210.44419860839844
2019-11-07,ITC.NS,214.0676727294922
2019-11-08,ITC.NS,209.75973510742188
2019-11-11,ITC.NS,208.9142608642578
2019-11-13,ITC.NS,204.405029296875
2019-11-14,ITC.NS,204.4452667236328
2019-11-15,ITC.NS,201.82830810546875
2019-11-18,ITC.NS,201.90882873535156
2019-11-19,ITC.NS,200.7412872314453
2019-11-20,ITC.NS,201.86859130859375
2019-11-21,ITC.NS,197.8424835205078
2019-11-22,ITC.NS,199.41265869140625
2019-11-25,ITC.NS,199.49319458007812
2019-11-26,ITC.NS,200.62049865722656
2019-11-27,ITC.NS,198.84901428222656
2019-11-28,ITC.NS,198.64768981933594
2019-11-29,ITC.NS,198.40615844726562
2019-12-02,ITC.NS,197.23858642578125
2019-12-03,ITC.NS,196.51390075683594
2019-12-04,ITC.NS,195.78916931152344
2019-12-05,ITC.NS,198.84901428222656
2019-12-06,ITC.NS,195.95022583007812
2019-12-09,ITC.NS,194.4202880859375
2019-12-10,ITC.NS,189.7097625732422
2019-12-11,ITC.NS,191.32022094726562
2019-12-12,ITC.NS,192.0851593017578
2019-12-13,ITC.NS,194.5410614013672
2019-12-16,ITC.NS,190.75656127929688
2019-12-17,ITC.NS,194.0982208251953
2019-12-18,ITC.NS,197.39959716796875
2019-12-19,ITC.NS,196.75543212890625
2019-12-20,ITC.NS,194.1787567138672
2019-12-23,ITC.NS,192.36700439453125
2019-12-24,ITC.NS,192.2462158203125
2019-12-26,ITC.NS,190.676025390625
2019-12-27,ITC.NS,190.75656127929688
2019-12-30,ITC.NS,191.80332946777344
2019-12-31,ITC.NS,191.40074157714844
2020-01-01,ITC.NS,191.7228240966797
2020-01-02,ITC.NS,193.1319580078125
2020-01-03,ITC.NS,192.04490661621094
2020-01-06,ITC.NS,189.30715942382812
2020-01-07,ITC.NS,189.5084686279297
2020-01-08,ITC.NS,188.58245849609375
2020-01-09,ITC.NS,189.87081909179688
2020-01-10,ITC.NS,191.64230346679688
2020-01-13,ITC.NS,192.64881896972656
2020-01-14,ITC.NS,195.86968994140625
2020-01-15,ITC.NS,195.1852569580078
2020-01-16,ITC.NS,193.85665893554688
2020-01-17,ITC.NS,193.21246337890625
2020-01-20,ITC.NS,194.7826385498047
2020-01-21,ITC.NS,192.00465393066406
2020-01-22,ITC.NS,191.6825408935547
2020-01-23,ITC.NS,191.561767578125
2020-01-24,ITC.NS,191.76307678222656
2020-01-27,ITC.NS,188.90455627441406
2020-01-28,ITC.NS,185.804443359375
2020-01-29,ITC.NS,190.55523681640625
2020-01-30,ITC.NS,188.46168518066406
2020-01-31,ITC.NS,189.347412109375
2020-02-03,ITC.NS,167.16363525390625
2020-02-04,ITC.NS,173.64559936523438
2020-02-05,ITC.NS,174.28981018066406
2020-02-06,ITC.NS,171.95465087890625
2020-02-07,ITC.NS,171.83389282226562
2020-02-10,ITC.NS,169.5390167236328
2020-02-11,ITC.NS,171.18972778320312
2020-02-12,ITC.NS,171.55206298828125
2020-02-13,ITC.NS,170.62606811523438
2020-02-14,ITC.NS,167.24415588378906
2020-02-17,ITC.NS,164.90899658203125
2020-02-18,ITC.NS,164.14405822753906
2020-02-19,ITC.NS,166.4389190673828
2020-02-20,ITC.NS,167.0428466796875
2020-02-24,ITC.NS,163.4595947265625
2020-02-25,ITC.NS,162.49334716796875
2020-02-26,ITC.NS,159.9166259765625
2020-02-27,ITC.NS,159.07115173339844
2020-02-28,ITC.NS,159.07115173339844
2020-03-02,ITC.NS,157.2593994140625
2020-03-03,ITC.NS,156.09185791015625
2020-03-04,ITC.NS,150.9786834716797
2020-03-05,ITC.NS,151.4215545654297
2020-03-06,ITC.NS,146.34869384765625
2020-03-09,ITC.NS,142.6849365234375
2020-03-11,ITC.NS,141.4368438720703
2020-03-12,ITC.NS,125.45323181152344
2020-03-13,ITC.NS,130.6468963623047
2020-03-16,ITC.NS,118.568603515625
2020-03-17,ITC.NS,120.09851837158203
2020-03-18,ITC.NS,121.34661102294922
2020-03-19,ITC.NS,130.32479858398438
2020-03-20,ITC.NS,141.31607055664062
2020-03-23,ITC.NS,124.24542236328125
2020-03-24,ITC.NS,120.54139709472656
2020-03-25,ITC.NS,118.64912414550781
2020-03-26,ITC.NS,125.93636322021484
2020-03-27,ITC.NS,131.41184997558594
2020-03-30,ITC.NS,128.1909637451172
2020-03-31,ITC.NS,138.2562255859375
2020-04-01,ITC.NS,133.98855590820312
2020-04-03,ITC.NS,143.2485809326172
2020-04-07,ITC.NS,146.18765258789062
2020-04-08,ITC.NS,143.85250854492188
2020-04-09,ITC.NS,149.16693115234375
2020-04-13,ITC.NS,146.2279052734375
2020-04-15,ITC.NS,152.46835327148438
2020-04-16,ITC.NS,150.05271911621094
2020-04-17,ITC.NS,151.4618377685547
2020-04-20,ITC.NS,145.5032196044922
2020-04-21,ITC.NS,144.61746215820312
2020-04-22,ITC.NS,146.7512969970703
2020-04-23,ITC.NS,145.38241577148438
2020-04-24,ITC.NS,144.97982788085938
2020-04-27,ITC.NS,144.81878662109375
2020-04-28,ITC.NS,144.49667358398438
2020-04-29,ITC.NS,146.67076110839844
2020-04-30,ITC.NS,146.5902557373047
2020-05-04,ITC.NS,140.14849853515625
2020-05-05,ITC.NS,140.02769470214844
2020-05-06,ITC.NS,131.9755096435547
2020-05-07,ITC.NS,129.64036560058594
2020-05-08,ITC.NS,127.42601776123047
2020-05-11,ITC.NS,127.58709716796875
2020-05-12,ITC.NS,132.90151977539062
2020-05-13,ITC.NS,133.183349609375
2020-05-14,ITC.NS,131.89495849609375
2020-05-15,ITC.NS,132.57943725585938
2020-05-18,ITC.NS,132.6599578857422
2020-05-19,ITC.NS,137.4912567138672
2020-05-20,ITC.NS,141.51736450195312
2020-05-21,ITC.NS,152.14627075195312
2020-05-22,ITC.NS,150.05271911621094
2020-05-26,ITC.NS,154.36061096191406
2020-05-27,ITC.NS,154.7229766845703
2020-05-28,ITC.NS,153.51510620117188
2020-05-29,ITC.NS,158.9101104736328
2020-06-01,ITC.NS,161.48683166503906
2020-06-02,ITC.NS,158.82958984375
2020-06-03,ITC.NS,158.38673400878906
2020-06-04,ITC.NS,161.16473388671875
2020-06-05,ITC.NS,161.0439453125
2020-06-08,ITC.NS,159.15167236328125
2020-06-09,ITC.NS,159.8361053466797
2020-06-10,ITC.NS,160.2789764404297
2020-06-11,ITC.NS,156.4139404296875
2020-06-12,ITC.NS,156.13209533691406
2020-06-15,ITC.NS,150.7371368408203
2020-06-16,ITC.NS,148.96563720703125
2020-06-17,ITC.NS,145.90579223632812
2020-06-18,ITC.NS,150.25401306152344
2020-06-19,ITC.NS,148.20068359375
2020-06-22,ITC.NS,148.96563720703125
2020-06-23,ITC.NS,149.6501007080078
2020-06-24,ITC.NS,154.48141479492188
2020-06-25,ITC.NS,162.73492431640625
2020-06-26,ITC.NS,157.17889404296875
2020-06-29,ITC.NS,158.82958984375
2020-06-30,ITC.NS,156.73602294921875
2020-07-01,ITC.NS,163.3791046142578
2020-07-02,ITC.NS,165.75448608398438
2020-07-03,ITC.NS,167.12335205078125
2020-07-06,ITC.NS,169.1552734375
2020-07-07,ITC.NS,164.4564971923828
2020-07-08,ITC.NS,166.19207763671875
2020-07-09,ITC.NS,165.472412109375
2020-07-10,ITC.NS,164.54115295410156
2020-07-13,ITC.NS,167.2503662109375
2020-07-14,ITC.NS,165.85342407226562
2020-07-15,ITC.NS,168.2239532470703
2020-07-16,ITC.NS,164.1178436279297
2020-07-17,ITC.NS,164.28717041015625
2020-07-20,ITC.NS,163.14422607421875
2020-07-21,ITC.NS,162.7632293701172
2020-07-22,ITC.NS,166.4037322998047
2020-07-23,ITC.NS,169.91720581054688
2020-07-24,ITC.NS,168.98593139648438
2020-07-27,ITC.NS,166.2767333984375
2020-07-28,ITC.NS,165.43008422851562
2020-07-29,ITC.NS,166.53073120117188
2020-07-30,ITC.NS,163.69456481933594
2020-07-31,ITC.NS,164.371826171875
2020-08-03,ITC.NS,163.0595703125
2020-08-04,ITC.NS,163.9485321044922
2020-08-05,ITC.NS,163.22889709472656
2020-08-06,ITC.NS,165.38778686523438
2020-08-07,ITC.NS,165.9804229736328
2020-08-10,ITC.NS,168.35098266601562
2020-08-11,ITC.NS,171.9067840576172
2020-08-12,ITC.NS,172.88038635253906
2020-08-13,ITC.NS,170.5521697998047
2020-08-14,ITC.NS,166.2767333984375
2020-08-17,ITC.NS,168.2663116455078
2020-08-18,ITC.NS,168.0969696044922
2020-08-19,ITC.NS,168.01231384277344
2020-08-20,ITC.NS,165.76876831054688
2020-08-21,ITC.NS,166.61537170410156
2020-08-24,ITC.NS,166.53073120117188
2020-08-25,ITC.NS,165.43008422851562
2020-08-26,ITC.NS,165.0491180419922
2020-08-27,ITC.NS,164.4564971923828
2020-08-28,ITC.NS,165.5570831298828
2020-08-31,ITC.NS,161.78964233398438
2020-09-01,ITC.NS,161.02764892578125
2020-09-02,ITC.NS,162.0012969970703
2020-09-03,ITC.NS,162.2129364013672
2020-09-04,ITC.NS,158.06446838378906
2020-09-07,ITC.NS,160.0963897705078
2020-09-08,ITC.NS,159.29208374023438
2020-09-09,ITC.NS,155.6092987060547
2020-09-10,ITC.NS,156.54055786132812
2020-09-11,ITC.NS,155.7362823486328
2020-09-14,ITC.NS,155.22830200195312
2020-09-15,ITC.NS,153.91603088378906
2020-09-16,ITC.NS,152.94239807128906
2020-09-17,ITC.NS,151.20684814453125
2020-09-18,ITC.NS,151.63015747070312
2020-09-21,ITC.NS,148.79396057128906
2020-09-22,ITC.NS,147.481689453125
2020-09-23,ITC.NS,146.0424346923828
2020-09-24,ITC.NS,141.00503540039062
2020-09-25,ITC.NS,144.56085205078125
2020-09-28,ITC.NS,146.7197265625
2020-09-29,ITC.NS,143.41790771484375
2020-09-30,ITC.NS,145.3651580810547
2020-10-01,ITC.NS,144.6455078125
2020-10-05,ITC.NS,143.29090881347656
2020-10-06,ITC.NS,143.84121704101562
2020-10-07,ITC.NS,143.50257873535156
2020-10-08,ITC.NS,141.5130157470703
2020-10-09,ITC.NS,142.1056671142578
2020-10-12,ITC.NS,145.7884521484375
2020-10-13,ITC.NS,144.05287170410156
2020-10-14,ITC.NS,142.0633087158203
2020-10-15,ITC.NS,139.73512268066406
2020-10-16,ITC.NS,140.285400390625
2020-10-19,ITC.NS,142.4442901611328
2020-10-20,ITC.NS,141.76699829101562
2020-10-21,ITC.NS,141.93629455566406
2020-10-22,ITC.NS,142.69827270507812
2020-10-23,ITC.NS,144.56085205078125
2020-10-26,ITC.NS,142.69827270507812
2020-10-27,ITC.NS,141.5553436279297
2020-10-28,ITC.NS,140.11607360839844
2020-10-29,ITC.NS,138.7191619873047
2020-10-30,ITC.NS,139.90443420410156
2020-11-02,ITC.NS,141.17434692382812
2020-11-03,ITC.NS,144.01055908203125
2020-11-04,ITC.NS,143.75657653808594
2020-11-05,ITC.NS,147.9473419189453
2020-11-06,ITC.NS,147.27001953125
2020-11-09,ITC.NS,146.29640197753906
2020-11-10,ITC.NS,150.99520874023438
2020-11-11,ITC.NS,156.8792266845703
2020-11-12,ITC.NS,159.1651153564453
2020-11-13,ITC.NS,158.40313720703125
2020-11-14,ITC.NS,159.67308044433594
2020-11-17,ITC.NS,158.61480712890625
2020-11-18,ITC.NS,155.82093811035156
2020-11-19,ITC.NS,159.08042907714844
2020-11-20,ITC.NS,162.29759216308594
2020-11-23,ITC.NS,161.5779571533203
2020-11-24,ITC.NS,165.5570831298828
2020-11-25,ITC.NS,164.1178436279297
2020-11-26,ITC.NS,164.92210388183594
2020-11-27,ITC.NS,163.9485321044922
2020-12-01,ITC.NS,164.58346557617188
2020-12-02,ITC.NS,165.895751953125
2020-12-03,ITC.NS,166.10740661621094
2020-12-04,ITC.NS,167.80064392089844
2020-12-07,ITC.NS,171.9914093017578
2020-12-08,ITC.NS,171.39878845214844
2020-12-09,ITC.NS,173.89633178710938
2020-12-10,ITC.NS,180.0767059326172
2020-12-11,ITC.NS,183.12454223632812
2020-12-14,ITC.NS,182.78585815429688
2020-12-15,ITC.NS,180.7963104248047
2020-12-16,ITC.NS,181.17730712890625
2020-12-17,ITC.NS,180.37301635742188
2020-12-18,ITC.NS,181.6005859375
2020-12-21,ITC.NS,171.8220977783203
2020-12-22,ITC.NS,172.20309448242188
2020-12-23,ITC.NS,175.8859100341797
2020-12-24,ITC.NS,176.60552978515625
2020-12-28,ITC.NS,177.3675079345703
2020-12-29,ITC.NS,179.1030731201172
2020-12-30,ITC.NS,178.764404296875
2020-12-31,ITC.NS,176.9441680908203
2021-01-01,ITC.NS,181.05029296875
2021-01-04,ITC.NS,180.66934204101562
2021-01-05,ITC.NS,179.01840209960938
2021-01-06,ITC.NS,173.89633178710938
2021-01-07,ITC.NS,171.6951141357422
2021-01-08,ITC.NS,170.59449768066406
2021-01-11,ITC.NS,171.44113159179688
2021-01-12,ITC.NS,174.78529357910156
2021-01-13,ITC.NS,178.8490753173828
2021-01-14,ITC.NS,181.3042755126953
2021-01-15,ITC.NS,184.4368133544922
2021-01-18,ITC.NS,186.0453643798828
2021-01-19,ITC.NS,185.28343200683594
2021-01-20,ITC.NS,184.2674560546875
2021-01-21,ITC.NS,180.9232940673828
2021-01-22,ITC.NS,178.38345336914062
2021-01-25,ITC.NS,175.92823791503906
2021-01-27,ITC.NS,178.34107971191406
2021-01-28,ITC.NS,174.91229248046875
2021-01-29,ITC.NS,172.0760955810547
2021-02-01,ITC.NS,182.8282012939453
2021-02-02,ITC.NS,184.73313903808594
2021-02-03,ITC.NS,183.5054931640625
2021-02-04,ITC.NS,194.68092346191406
2021-02-05,ITC.NS,198.4060821533203
2021-02-08,ITC.NS,197.34780883789062
2021-02-09,ITC.NS,193.8766326904297
2021-02-10,ITC.NS,192.6490478515625
2021-02-11,ITC.NS,191.71774291992188
2021-02-12,ITC.NS,184.09812927246094
2021-02-15,ITC.NS,185.07177734375
2021-02-16,ITC.NS,184.7754364013672
2021-02-17,ITC.NS,184.35211181640625
2021-02-18,ITC.NS,185.28343200683594
2021-02-19,ITC.NS,182.8282012939453
2021-02-22,ITC.NS,179.44810485839844
2021-02-23,ITC.NS,180.70481872558594
2021-02-24,ITC.NS,181.00814819335938
2021-02-25,ITC.NS,181.26815795898438
2021-02-26,ITC.NS,176.67471313476562
2021-03-01,ITC.NS,179.31809997558594
2021-03-02,ITC.NS,181.91818237304688
2021-03-03,ITC.NS,181.9615020751953
2021-03-04,ITC.NS,181.7448272705078
2021-03-05,ITC.NS,180.74815368652344
2021-03-08,ITC.NS,180.27146911621094
2021-03-09,ITC.NS,180.09815979003906
2021-03-10,ITC.NS,178.97142028808594
2021-03-12,ITC.NS,177.8447265625
2021-03-15,ITC.NS,178.06138610839844
2021-03-16,ITC.NS,180.1414794921875
2021-03-17,ITC.NS,182.52487182617188
2021-03-18,ITC.NS,188.63499450683594
2021-03-19,ITC.NS,193.22848510742188
2021-03-22,ITC.NS,195.8719024658203
2021-03-23,ITC.NS,192.5784454345703
2021-03-24,ITC.NS,187.16165161132812
2021-03-25,ITC.NS,183.3915557861328
2021-03-26,ITC.NS,182.7848663330078
2021-03-30,ITC.NS,185.9482879638672
2021-03-31,ITC.NS,189.3717041015625
2021-04-01,ITC.NS,190.71510314941406
2021-04-05,ITC.NS,184.2149200439453
2021-04-06,ITC.NS,184.3015594482422
2021-04-07,ITC.NS,185.29827880859375
2021-04-08,ITC.NS,184.82159423828125
2021-04-09,ITC.NS,184.69158935546875
2021-04-12,ITC.NS,177.93141174316406
2021-04-13,ITC.NS,180.87814331054688
2021-04-15,ITC.NS,179.144775390625
2021-04-16,ITC.NS,180.2281494140625
2021-04-19,ITC.NS,178.19142150878906
2021-04-20,ITC.NS,176.41470336914062
2021-04-22,ITC.NS,178.45140075683594
2021-04-23,ITC.NS,177.97476196289062
2021-04-26,ITC.NS,177.93141174316406
2021-04-27,ITC.NS,178.01808166503906
2021-04-28,ITC.NS,178.10475158691406
2021-04-29,ITC.NS,177.06471252441406
2021-04-30,ITC.NS,175.59133911132812
2021-05-03,ITC.NS,174.16131591796875
2021-05-04,ITC.NS,172.9912872314453
2021-05-05,ITC.NS,174.5513153076172
2021-05-06,ITC.NS,175.72134399414062
2021-05-07,ITC.NS,177.97476196289062
2021-05-10,ITC.NS,178.14808654785156
2021-05-11,ITC.NS,176.80470275878906
2021-05-12,ITC.NS,176.15469360351562
2021-05-14,ITC.NS,183.95489501953125
2021-05-17,ITC.NS,184.25823974609375
2021-05-18,ITC.NS,182.04818725585938
2021-05-19,ITC.NS,180.05477905273438
2021-05-20,ITC.NS,179.40476989746094
2021-05-21,ITC.NS,181.18148803710938
2021-05-24,ITC.NS,183.30490112304688
2021-05-25,ITC.NS,182.7848663330078
2021-05-26,ITC.NS,182.52487182617188
2021-05-27,ITC.NS,183.00152587890625
2021-05-28,ITC.NS,184.5182342529297
2021-05-31,ITC.NS,187.72500610351562
2021-06-01,ITC.NS,186.55496215820312
2021-06-02,ITC.NS,181.13816833496094
2021-06-03,ITC.NS,181.18148803710938
2021-06-04,ITC.NS,180.92149353027344
2021-06-07,ITC.NS,183.2615509033203
2021-06-08,ITC.NS,185.1682586669922
2021-06-09,ITC.NS,184.1715545654297
2021-06-10,ITC.NS,186.443115234375
2021-06-11,ITC.NS,185.19598388671875
2021-06-14,ITC.NS,184.66151428222656
2021-06-15,ITC.NS,184.43881225585938
2021-06-16,ITC.NS,185.15145874023438
2021-06-17,ITC.NS,183.19168090820312
2021-06-18,ITC.NS,182.2118377685547
2021-06-21,ITC.NS,182.1227569580078
2021-06-22,ITC.NS,182.7017822265625
2021-06-23,ITC.NS,181.67735290527344
2021-06-24,ITC.NS,181.05380249023438
2021-06-25,ITC.NS,182.6572265625
2021-06-28,ITC.NS,181.36557006835938
2021-06-29,ITC.NS,181.09832763671875
2021-06-30,ITC.NS,180.56385803222656
2021-07-01,ITC.NS,180.8311004638672
2021-07-02,ITC.NS,180.29660034179688
2021-07-05,ITC.NS,181.4101104736328
2021-07-06,ITC.NS,180.38571166992188
2021-07-07,ITC.NS,181.4991912841797
2021-07-08,ITC.NS,179.94032287597656
2021-07-09,ITC.NS,179.36131286621094
2021-07-12,ITC.NS,179.13858032226562
2021-07-13,ITC.NS,179.80670166015625
2021-07-14,ITC.NS,181.8109588623047
2021-07-15,ITC.NS,183.72618103027344
2021-07-16,ITC.NS,185.19598388671875
2021-07-19,ITC.NS,185.06234741210938
2021-07-20,ITC.NS,184.2161102294922
2021-07-22,ITC.NS,184.39427185058594
2021-07-23,ITC.NS,189.20455932617188
2021-07-26,ITC.NS,188.09104919433594
2021-07-27,ITC.NS,185.8640899658203
2021-07-28,ITC.NS,186.26492309570312
2021-07-29,ITC.NS,183.5480194091797
2021-07-30,ITC.NS,182.56813049316406
2021-08-02,ITC.NS,184.66151428222656
2021-08-03,ITC.NS,186.9775848388672
2021-08-04,ITC.NS,185.81954956054688
2021-08-05,ITC.NS,191.74331665039062
2021-08-06,ITC.NS,190.8525390625
2021-08-09,ITC.NS,190.45167541503906
2021-08-10,ITC.NS,186.9330291748047
2021-08-11,ITC.NS,185.8640899658203
2021-08-12,ITC.NS,186.08676147460938
2021-08-13,ITC.NS,188.35830688476562
2021-08-16,ITC.NS,187.8683624267578
2021-08-17,ITC.NS,186.35403442382812
2021-08-18,ITC.NS,186.13131713867188
2021-08-20,ITC.NS,186.08676147460938
2021-08-23,ITC.NS,183.77072143554688
2021-08-24,ITC.NS,183.28077697753906
2021-08-25,ITC.NS,183.8597869873047
2021-08-26,ITC.NS,182.25637817382812
2021-08-27,ITC.NS,183.4143829345703
2021-08-30,ITC.NS,185.28506469726562
2021-08-31,ITC.NS,188.2246856689453
2021-09-01,ITC.NS,186.6212615966797
2021-09-02,ITC.NS,186.8439483642578
2021-09-03,ITC.NS,187.60113525390625
2021-09-06,ITC.NS,186.443115234375
2021-09-07,ITC.NS,188.62554931640625
2021-09-08,ITC.NS,188.18014526367188
2021-09-09,ITC.NS,189.42724609375
2021-09-13,ITC.NS,190.76344299316406
2021-09-14,ITC.NS,192.50050354003906
2021-09-15,ITC.NS,192.41140747070312
2021-09-16,ITC.NS,205.5506134033203
2021-09-17,ITC.NS,205.9069366455078
2021-09-20,ITC.NS,208.22300720214844
2021-09-21,ITC.NS,215.12664794921875
2021-09-22,ITC.NS,216.90823364257812
2021-09-23,ITC.NS,216.01744079589844
2021-09-24,ITC.NS,212.40975952148438
2021-09-27,ITC.NS,212.63243103027344
2021-09-28,ITC.NS,211.78619384765625
2021-09-29,ITC.NS,212.09796142578125
2021-09-30,ITC.NS,210.36090087890625
2021-10-01,ITC.NS,209.6482696533203
2021-10-04,ITC.NS,210.76177978515625
2021-10-05,ITC.NS,209.06924438476562
2021-10-06,ITC.NS,205.99600219726562
2021-10-07,ITC.NS,207.5103759765625
2021-10-08,ITC.NS,206.39688110351562
2021-10-11,ITC.NS,212.05340576171875
2021-10-12,ITC.NS,214.948486328125
2021-10-13,ITC.NS,221.98574829101562
2021-10-14,ITC.NS,228.53306579589844
2021-10-18,ITC.NS,233.87783813476562
2021-10-19,ITC.NS,219.09068298339844
2021-10-20,ITC.NS,219.6697235107422
2021-10-21,ITC.NS,217.9771728515625
2021-10-22,ITC.NS,210.76177978515625
2021-10-25,ITC.NS,207.91122436523438
2021-10-26,ITC.NS,210.850830078125
2021-10-27,ITC.NS,212.40975952148438
2021-10-28,ITC.NS,200.51763916015625
2021-10-29,ITC.NS,198.8251190185547
2021-11-01,ITC.NS,202.0765380859375
2021-11-02,ITC.NS,200.96304321289062
2021-11-03,ITC.NS,198.1570281982422
2021-11-04,ITC.NS,201.8092803955078
2021-11-08,ITC.NS,204.70437622070312
2021-11-09,ITC.NS,203.76902770996094
2021-11-10,ITC.NS,205.6397247314453
2021-11-11,ITC.NS,204.8825225830078
2021-11-12,ITC.NS,207.4658203125
2021-11-15,ITC.NS,212.09796142578125
2021-11-16,ITC.NS,209.73733520507812
2021-11-17,ITC.NS,213.34507751464844
2021-11-18,ITC.NS,211.5634765625
2021-11-22,ITC.NS,205.68423461914062
2021-11-23,ITC.NS,206.30780029296875
2021-11-24,ITC.NS,202.83370971679688
2021-11-25,ITC.NS,206.04055786132812
2021-11-26,ITC.NS,199.53778076171875
2021-11-29,ITC.NS,197.31077575683594
2021-11-30,ITC.NS,196.99899291992188
2021-12-01,ITC.NS,197.66709899902344
2021-12-02,ITC.NS,200.8293914794922
2021-12-03,ITC.NS,197.44439697265625
2021-12-06,ITC.NS,194.1039276123047
2021-12-07,ITC.NS,196.55360412597656
2021-12-08,ITC.NS,200.38400268554688
2021-12-09,ITC.NS,209.69281005859375
2021-12-10,ITC.NS,210.31637573242188
2021-12-13,ITC.NS,208.9801788330078
2021-12-14,ITC.NS,203.63540649414062
2021-12-15,ITC.NS,199.58229064941406
2021-12-16,ITC.NS,198.55789184570312
2021-12-17,ITC.NS,194.14846801757812
2021-12-20,ITC.NS,189.20455932617188
2021-12-21,ITC.NS,189.2936248779297
2021-12-22,ITC.NS,188.84823608398438
2021-12-23,ITC.NS,193.56947326660156
2021-12-24,ITC.NS,194.19300842285156
2021-12-27,ITC.NS,193.7921600341797
2021-12-28,ITC.NS,196.01914978027344
2021-12-29,ITC.NS,193.07949829101562
2021-12-30,ITC.NS,192.41140747070312
2021-12-31,ITC.NS,194.23756408691406
2022-01-03,ITC.NS,195.17288208007812
2022-01-04,ITC.NS,196.1973114013672
2022-01-05,ITC.NS,196.4645233154297
2022-01-06,ITC.NS,194.81655883789062
2022-01-07,ITC.NS,194.54931640625
2022-01-10,ITC.NS,198.91421508789062
2022-01-11,ITC.NS,197.71163940429688
2022-01-12,ITC.NS,198.4242706298828
2022-01-13,ITC.NS,199.49322509765625
2022-01-14,ITC.NS,198.29067993164062
2022-01-17,ITC.NS,200.07223510742188
2022-01-18,ITC.NS,196.6427001953125
2022-01-19,ITC.NS,196.286376953125
2022-01-20,ITC.NS,194.86109924316406
2022-01-21,ITC.NS,193.3467559814453
2022-01-24,ITC.NS,188.6700897216797
2022-01-25,ITC.NS,190.89706420898438
2022-01-27,ITC.NS,191.16429138183594
2022-01-28,ITC.NS,193.83670043945312
2022-01-31,ITC.NS,196.1527557373047
2022-02-01,ITC.NS,202.8782501220703
2022-02-02,ITC.NS,206.7977294921875
2022-02-03,ITC.NS,208.84654235839844
2022-02-04,ITC.NS,208.7129364013672
2022-02-07,ITC.NS,205.06068420410156
2022-02-08,ITC.NS,205.99600219726562
2022-02-09,ITC.NS,205.01614379882812
2022-02-10,ITC.NS,206.88681030273438
2022-02-11,ITC.NS,207.06497192382812
2022-02-14,ITC.NS,200.0017852783203
2022-02-15,ITC.NS,203.23716735839844
2022-02-16,ITC.NS,203.00933837890625
2022-02-17,ITC.NS,202.91819763183594
2022-02-18,ITC.NS,202.2346649169922
2022-02-21,ITC.NS,198.68031311035156
2022-02-22,ITC.NS,195.80946350097656
2022-02-23,ITC.NS,196.81198120117188
2022-02-24,ITC.NS,190.022216796875
2022-02-25,ITC.NS,194.98919677734375
2022-02-28,ITC.NS,196.72085571289062
2022-03-02,ITC.NS,196.21957397460938
2022-03-03,ITC.NS,199.95620727539062
2022-03-04,ITC.NS,205.515625
2022-03-07,ITC.NS,205.01437377929688
2022-03-08,ITC.NS,206.7915496826172
2022-03-09,ITC.NS,208.93328857421875
2022-03-10,ITC.NS,211.4395751953125
2022-03-11,ITC.NS,215.40406799316406
2022-03-14,ITC.NS,217.81922912597656
2022-03-15,ITC.NS,216.77113342285156
2022-03-16,ITC.NS,221.10020446777344
2022-03-17,ITC.NS,223.19635009765625
2022-03-21,ITC.NS,222.83181762695312
2022-03-22,ITC.NS,227.61654663085938
2022-03-23,ITC.NS,229.66712951660156
2022-03-24,ITC.NS,232.26455688476562
2022-03-25,ITC.NS,230.8975067138672
2022-03-28,ITC.NS,234.26959228515625
2022-03-29,ITC.NS,232.03672790527344
2022-03-30,ITC.NS,227.11526489257812
2022-03-31,ITC.NS,228.436767578125
2022-04-01,ITC.NS,230.85191345214844
2022-04-04,ITC.NS,232.81138610839844
2022-04-05,ITC.NS,236.4569091796875
2022-04-06,ITC.NS,236.59359741210938
2022-04-07,ITC.NS,233.905029296875
2022-04-08,ITC.NS,244.06689453125
2022-04-11,ITC.NS,243.79348754882812
2022-04-12,ITC.NS,241.33274841308594
2022-04-13,ITC.NS,245.66180419921875
2022-04-18,ITC.NS,246.1630859375
2022-04-19,ITC.NS,238.3708038330078
2022-04-20,ITC.NS,236.54803466796875
2022-04-21,ITC.NS,237.3227081298828
2022-04-22,ITC.NS,237.96067810058594
2022-04-25,ITC.NS,232.62911987304688
2022-04-26,ITC.NS,236.001220703125
2022-04-27,ITC.NS,234.67971801757812
2022-04-28,ITC.NS,237.96067810058594
2022-04-29,ITC.NS,236.54803466796875
2022-05-02,ITC.NS,239.82899475097656
2022-05-04,ITC.NS,236.73031616210938
2022-05-05,ITC.NS,238.8264923095703
2022-05-06,ITC.NS,243.018798828125
2022-05-09,ITC.NS,239.64675903320312
2022-05-10,ITC.NS,236.73031616210938
2022-05-11,ITC.NS,232.99366760253906
2022-05-12,ITC.NS,230.4873809814453
2022-05-13,ITC.NS,235.6822509765625
2022-05-16,ITC.NS,231.58102416992188
2022-05-17,ITC.NS,241.24166870117188
2022-05-18,ITC.NS,243.15550231933594
2022-05-19,ITC.NS,251.22119140625
2022-05-20,ITC.NS,255.1856689453125
2022-05-23,ITC.NS,250.1731414794922
2022-05-24,ITC.NS,246.8466033935547
2022-05-25,ITC.NS,248.5326690673828
2022-05-26,ITC.NS,248.76583862304688
2022-05-27,ITC.NS,251.09771728515625
2022-05-30,ITC.NS,250.95777893066406
2022-05-31,ITC.NS,252.45022583007812
2022-06-01,ITC.NS,253.56951904296875
2022-06-02,ITC.NS,255.10858154296875
2022-06-03,ITC.NS,254.36236572265625
2022-06-06,ITC.NS,256.3211364746094
2022-06-07,ITC.NS,255.48162841796875
2022-06-08,ITC.NS,249.8851318359375
2022-06-09,ITC.NS,252.6367645263672
2022-06-10,ITC.NS,251.9838409423828
2022-06-13,ITC.NS,246.8536376953125
2022-06-14,ITC.NS,247.59988403320312
2022-06-15,ITC.NS,245.68772888183594
2022-06-16,ITC.NS,243.16932678222656
2022-06-17,ITC.NS,245.59445190429688
2022-06-20,ITC.NS,246.3406524658203
2022-06-21,ITC.NS,251.7506103515625
2022-06-22,ITC.NS,247.4599609375
2022-06-23,ITC.NS,247.64649963378906
2022-06-24,ITC.NS,247.97299194335938
2022-06-27,ITC.NS,251.79730224609375
2022-06-28,ITC.NS,253.56951904296875
2022-06-29,ITC.NS,255.62156677246094
2022-06-30,ITC.NS,255.10858154296875
2022-07-01,ITC.NS,265.22900390625
2022-07-04,ITC.NS,272.271240234375
2022-07-05,ITC.NS,267.60748291015625
2022-07-06,ITC.NS,269.8460693359375
2022-07-07,ITC.NS,272.31793212890625
2022-07-08,ITC.NS,273.3439025878906
2022-07-11,ITC.NS,275.162841796875
2022-07-12,ITC.NS,273.0174865722656
2022-07-13,ITC.NS,274.27667236328125
2022-07-14,ITC.NS,271.29193115234375
2022-07-15,ITC.NS,273.810302734375
2022-07-18,ITC.NS,275.442626953125
2022-07-19,ITC.NS,274.78973388671875
2022-07-20,ITC.NS,278.14764404296875
2022-07-21,ITC.NS,279.4068298339844
2022-07-22,ITC.NS,280.3395690917969
2022-07-25,ITC.NS,280.8526306152344
2022-07-26,ITC.NS,282.1118469238281
2022-07-27,ITC.NS,283.6975402832031
2022-07-28,ITC.NS,283.04461669921875
2022-07-29,ITC.NS,282.6714782714844
2022-08-01,ITC.NS,286.822265625
2022-08-02,ITC.NS,289.1075439453125
2022-08-03,ITC.NS,287.4285583496094
2022-08-04,ITC.NS,288.687744140625
2022-08-05,ITC.NS,289.9469909667969
2022-08-08,ITC.NS,292.0923156738281
2022-08-10,ITC.NS,290.2734375
2022-08-11,ITC.NS,285.65631103515625
2022-08-12,ITC.NS,287.8016052246094
2022-08-16,ITC.NS,289.6671447753906
2022-08-17,ITC.NS,291.53265380859375
2022-08-18,ITC.NS,294.4241638183594
2022-08-19,ITC.NS,291.0196533203125
2022-08-22,ITC.NS,293.25823974609375
2022-08-23,ITC.NS,294.6573791503906
2022-08-24,ITC.NS,292.97845458984375
2022-08-25,ITC.NS,291.34613037109375
2022-08-26,ITC.NS,291.859130859375
2022-08-29,ITC.NS,292.46539306640625
2022-08-30,ITC.NS,298.9480285644531
2022-09-01,ITC.NS,296.24310302734375
2022-09-02,ITC.NS,301.41986083984375
2022-09-05,ITC.NS,306.7366027832031
2022-09-06,ITC.NS,305.15087890625
2022-09-07,ITC.NS,304.1715087890625
2022-09-08,ITC.NS,307.7159729003906
2022-09-09,ITC.NS,308.2756042480469
2022-09-12,ITC.NS,308.6487121582031
2022-09-13,ITC.NS,311.9133605957031
2022-09-14,ITC.NS,312.79949951171875
2022-09-15,ITC.NS,311.633544921875
2022-09-16,ITC.NS,309.0218505859375
2022-09-19,ITC.NS,313.03265380859375
2022-09-20,ITC.NS,313.4057922363281
2022-09-21,ITC.NS,318.0229187011719
2022-09-22,ITC.NS,321.8471984863281
2022-09-23,ITC.NS,323.1064453125
2022-09-26,ITC.NS,310.23443603515625
2022-09-27,ITC.NS,312.3331298828125
2022-09-28,ITC.NS,303.09881591796875
2022-09-29,ITC.NS,310.6541748046875
2022-09-30,ITC.NS,309.861328125
2022-10-03,ITC.NS,302.5857849121094
2022-10-04,ITC.NS,310.46759033203125
2022-10-06,ITC.NS,314.0120849609375
2022-10-07,ITC.NS,311.633544921875
2022-10-10,ITC.NS,305.8038330078125
2022-10-11,ITC.NS,304.3580017089844
2022-10-12,ITC.NS,307.9025573730469
2022-10-13,ITC.NS,306.5500183105469
2022-10-14,ITC.NS,309.7680358886719
2022-10-17,ITC.NS,309.907958984375
2022-10-18,ITC.NS,317.4166259765625
2022-10-19,ITC.NS,323.059814453125
2022-10-20,ITC.NS,326.1845397949219
2022-10-21,ITC.NS,322.3602294921875
2022-10-24,ITC.NS,324.31903076171875
2022-10-25,ITC.NS,323.0131530761719
2022-10-27,ITC.NS,322.5467224121094
2022-10-28,ITC.NS,322.5467224121094
2022-10-31,ITC.NS,325.25177001953125
2022-11-01,ITC.NS,325.99798583984375
2022-11-02,ITC.NS,330.8016662597656
2022-11-03,ITC.NS,329.9155578613281
2022-11-04,ITC.NS,329.822265625
2022-11-07,ITC.NS,329.72900390625
2022-11-09,ITC.NS,336.4448547363281
2022-11-10,ITC.NS,332.0608825683594
2022-11-11,ITC.NS,332.3873596191406
2022-11-14,ITC.NS,323.8526306152344
2022-11-15,ITC.NS,322.03375244140625
2022-11-16,ITC.NS,320.96112060546875
2022-11-17,ITC.NS,320.5880126953125
2022-11-18,ITC.NS,318.1161804199219
2022-11-21,ITC.NS,314.52508544921875
2022-11-22,ITC.NS,317.3699951171875
2022-11-23,ITC.NS,316.9502258300781
2022-11-24,ITC.NS,317.83636474609375
2022-11-25,ITC.NS,317.4166259765625
2022-11-28,ITC.NS,317.18341064453125
2022-11-29,ITC.NS,319.2821350097656
2022-11-30,ITC.NS,317.13677978515625
2022-12-01,ITC.NS,316.717041015625
2022-12-02,ITC.NS,314.4784240722656
2022-12-05,ITC.NS,314.1053771972656
2022-12-06,ITC.NS,314.61834716796875
2022-12-07,ITC.NS,317.2300720214844
2022-12-08,ITC.NS,315.6444091796875
2022-12-09,ITC.NS,318.442626953125
2022-12-12,ITC.NS,320.1216735839844
2022-12-13,ITC.NS,322.3602294921875
2022-12-14,ITC.NS,322.1736145019531
2022-12-15,ITC.NS,316.0641174316406
2022-12-16,ITC.NS,312.5662841796875
2022-12-19,ITC.NS,317.6031494140625
2022-12-20,ITC.NS,317.27667236328125
2022-12-21,ITC.NS,312.6129150390625
2022-12-22,ITC.NS,310.0945129394531
2022-12-23,ITC.NS,304.73114013671875
2022-12-26,ITC.NS,312.0999450683594
2022-12-27,ITC.NS,310.7474060058594
2022-12-28,ITC.NS,311.9133605957031
2022-12-29,ITC.NS,312.79949951171875
2022-12-30,ITC.NS,309.2549743652344
2023-01-02,ITC.NS,310.46759033203125
2023-01-03,ITC.NS,308.83526611328125
2023-01-04,ITC.NS,305.0109558105469
2023-01-05,ITC.NS,311.02728271484375
2023-01-06,ITC.NS,312.5196533203125
2023-01-09,ITC.NS,315.3179016113281
2023-01-10,ITC.NS,310.9805908203125
2023-01-11,ITC.NS,309.4881896972656
2023-01-12,ITC.NS,307.6692810058594
2023-01-13,ITC.NS,306.6432800292969
2023-01-16,ITC.NS,307.9958190917969
2023-01-17,ITC.NS,309.907958984375
2023-01-18,ITC.NS,312.14654541015625
2023-01-19,ITC.NS,309.814697265625
2023-01-20,ITC.NS,312.0999450683594
2023-01-23,ITC.NS,315.0380859375
2023-01-24,ITC.NS,316.1573791503906
2023-01-25,ITC.NS,316.4372253417969
2023-01-27,ITC.NS,322.73333740234375
2023-01-30,ITC.NS,321.614013671875
2023-01-31,ITC.NS,328.65631103515625
2023-02-01,ITC.NS,337.0977783203125
2023-02-02,ITC.NS,353.1411437988281
2023-02-03,ITC.NS,355.05328369140625
2023-02-06,ITC.NS,357.6183776855469
2023-02-07,ITC.NS,348.15087890625
2023-02-08,ITC.NS,350.2962341308594
2023-02-09,ITC.NS,349.08367919921875
2023-02-10,ITC.NS,346.378662109375
2023-02-13,ITC.NS,349.03704833984375
2023-02-14,ITC.NS,360.4632568359375
2023-02-15,ITC.NS,362.121337890625
2023-02-16,ITC.NS,362.45294189453125
2023-02-17,ITC.NS,363.25830078125
2023-02-20,ITC.NS,363.8741455078125
2023-02-21,ITC.NS,362.1687316894531
2023-02-22,ITC.NS,363.6846618652344
2023-02-23,ITC.NS,367.2376708984375
2023-02-24,ITC.NS,364.8689880371094
2023-02-27,ITC.NS,362.121337890625
2023-02-28,ITC.NS,356.9103088378906
2023-03-01,ITC.NS,358.80523681640625
2023-03-02,ITC.NS,355.8206481933594
2023-03-03,ITC.NS,364.7268981933594
2023-03-06,ITC.NS,367.7587585449219
2023-03-08,ITC.NS,371.78546142578125
2023-03-09,ITC.NS,367.14288330078125
2023-03-10,ITC.NS,367.61663818359375
2023-03-13,ITC.NS,363.49517822265625
2023-03-14,ITC.NS,359.7527160644531
2023-03-15,ITC.NS,359.4684143066406
2023-03-16,ITC.NS,361.4107666015625
2023-03-17,ITC.NS,355.8206481933594
2023-03-20,ITC.NS,358.89996337890625
2023-03-21,ITC.NS,357.14715576171875
2023-03-22,ITC.NS,357.90509033203125
2023-03-23,ITC.NS,360.6527404785156
2023-03-24,ITC.NS,358.80523681640625
2023-03-27,ITC.NS,360.2264404296875
2023-03-28,ITC.NS,359.800048828125
2023-03-29,ITC.NS,362.6424560546875
2023-03-31,ITC.NS,363.3530578613281
2023-04-03,ITC.NS,358.99468994140625
2023-04-05,ITC.NS,366.1006774902344
2023-04-06,ITC.NS,367.0008239746094
2023-04-10,ITC.NS,368.1377258300781
2023-04-11,ITC.NS,375.1963806152344
2023-04-12,ITC.NS,372.8750915527344
2023-04-13,ITC.NS,374.8174133300781
2023-04-17,ITC.NS,379.12835693359375
2023-04-18,ITC.NS,377.5650329589844
2023-04-19,ITC.NS,377.8019104003906
2023-04-20,ITC.NS,379.2704772949219
2023-04-21,ITC.NS,386.8028259277344
2023-04-24,ITC.NS,387.2291564941406
2023-04-25,ITC.NS,389.9294738769531
2023-04-26,ITC.NS,390.59271240234375
2023-04-27,ITC.NS,394.14569091796875
2023-04-28,ITC.NS,403.1939697265625
2023-05-02,ITC.NS,402.1517639160156
2023-05-03,ITC.NS,404.7099304199219
2023-05-04,ITC.NS,402.2938537597656
2023-05-05,ITC.NS,406.2258605957031
2023-05-08,ITC.NS,408.7840270996094
2023-05-09,ITC.NS,401.5359191894531
2023-05-10,ITC.NS,403.0044860839844
2023-05-11,ITC.NS,398.3145446777344
2023-05-12,ITC.NS,398.3619384765625
2023-05-15,ITC.NS,405.32574462890625
2023-05-16,ITC.NS,401.67803955078125
2023-05-17,ITC.NS,405.1362609863281
2023-05-18,ITC.NS,397.65130615234375
2023-05-19,ITC.NS,397.79339599609375
2023-05-22,ITC.NS,402.4360046386719
2023-05-23,ITC.NS,406.6048278808594
2023-05-24,ITC.NS,410.726318359375
2023-05-25,ITC.NS,417.97442626953125
2023-05-26,ITC.NS,420.2957458496094
2023-05-29,ITC.NS,425.50677490234375
2023-05-30,ITC.NS,428.8910217285156
2023-05-31,ITC.NS,424.69647216796875
2023-06-01,ITC.NS,419.1673278808594
2023-06-02,ITC.NS,422.6945495605469
2023-06-05,ITC.NS,420.0729675292969
2023-06-06,ITC.NS,422.12255859375
2023-06-07,ITC.NS,423.2189025878906
2023-06-08,ITC.NS,422.2178955078125
2023-06-09,ITC.NS,417.9756774902344
2023-06-12,ITC.NS,416.5457763671875
2023-06-13,ITC.NS,424.6011657714844
2023-06-14,ITC.NS,423.7431640625
2023-06-15,ITC.NS,427.175048828125
2023-06-16,ITC.NS,431.94158935546875
2023-06-19,ITC.NS,432.4182434082031
2023-06-20,ITC.NS,431.7032470703125
2023-06-21,ITC.NS,426.174072265625
2023-06-22,ITC.NS,426.74609375
2023-06-23,ITC.NS,423.98150634765625
2023-06-26,ITC.NS,424.8871765136719
2023-06-27,ITC.NS,424.315185546875
2023-06-28,ITC.NS,428.36669921875
2023-06-30,ITC.NS,430.5116271972656
2023-07-03,ITC.NS,441.61761474609375
2023-07-04,ITC.NS,444.5728454589844
2023-07-05,ITC.NS,452.91424560546875
2023-07-06,ITC.NS,451.7702941894531
2023-07-07,ITC.NS,446.527099609375
2023-07-10,ITC.NS,444.0962219238281
2023-07-11,ITC.NS,451.0552978515625
2023-07-12,ITC.NS,450.2449645996094
2023-07-13,ITC.NS,449.9590148925781
2023-07-14,ITC.NS,450.8169860839844
2023-07-17,ITC.NS,450.29266357421875
2023-07-18,ITC.NS,450.4356689453125
2023-07-19,ITC.NS,456.4891357421875
2023-07-20,ITC.NS,469.1680908203125
2023-07-21,ITC.NS,467.5474853515625
2023-07-24,ITC.NS,449.33935546875
2023-07-25,ITC.NS,440.7119445800781
2023-07-26,ITC.NS,450.1973571777344
2023-07-27,ITC.NS,443.33355712890625
2023-07-28,ITC.NS,446.57476806640625
2023-07-31,ITC.NS,443.9532165527344
2023-08-01,ITC.NS,443.09521484375
2023-08-02,ITC.NS,438.6147155761719
2023-08-03,ITC.NS,434.7538146972656
2023-08-04,ITC.NS,433.7052001953125
2023-08-07,ITC.NS,433.6575012207031
2023-08-08,ITC.NS,431.22662353515625
2023-08-09,ITC.NS,437.232421875
2023-08-10,ITC.NS,430.6546325683594
2023-08-11,ITC.NS,427.7947082519531
2023-08-14,ITC.NS,428.2237243652344
2023-08-16,ITC.NS,429.22467041015625
2023-08-17,ITC.NS,420.4066162109375
2023-08-18,ITC.NS,421.0262756347656
2023-08-21,ITC.NS,426.8890686035156
2023-08-22,ITC.NS,433.0378723144531
2023-08-23,ITC.NS,429.4153747558594
2023-08-24,ITC.NS,429.84429931640625
2023-08-25,ITC.NS,422.6468811035156
2023-08-28,ITC.NS,420.7879333496094
2023-08-29,ITC.NS,419.5486755371094
2023-08-30,ITC.NS,422.12255859375
2023-08-31,ITC.NS,419.1673278808594
2023-09-01,ITC.NS,420.4542541503906
2023-09-04,ITC.NS,417.070068359375
2023-09-05,ITC.NS,422.4085693359375
2023-09-06,ITC.NS,426.5554504394531
2023-09-07,ITC.NS,425.0777893066406
2023-09-08,ITC.NS,421.9795837402344
2023-09-11,ITC.NS,426.3171081542969
2023-09-12,ITC.NS,430.0826416015625
2023-09-13,ITC.NS,432.3229064941406
2023-09-14,ITC.NS,428.9386901855469
2023-09-15,ITC.NS,427.4134216308594
2023-09-18,ITC.NS,430.94061279296875
2023-09-20,ITC.NS,431.7986145019531
2023-09-21,ITC.NS,426.60308837890625
2023-09-22,ITC.NS,422.4085693359375
2023-09-25,ITC.NS,421.9319152832031
2023-09-26,ITC.NS,421.7889099121094
2023-09-27,ITC.NS,428.176025390625
2023-09-28,ITC.NS,420.16827392578125
2023-09-29,ITC.NS,423.6478576660156
2023-10-03,ITC.NS,419.2149963378906
2023-10-04,ITC.NS,415.7354431152344
2023-10-05,ITC.NS,415.6877746582031
2023-10-06,ITC.NS,421.5028991699219
2023-10-09,ITC.NS,419.88232421875
2023-10-10,ITC.NS,423.6478576660156
2023-10-11,ITC.NS,427.31805419921875
2023-10-12,ITC.NS,429.6536560058594
2023-10-13,ITC.NS,427.4134216308594
2023-10-16,ITC.NS,427.9853820800781
2023-10-17,ITC.NS,432.2752380371094
2023-10-18,ITC.NS,430.5592956542969
2023-10-19,ITC.NS,429.3676452636719
2023-10-20,ITC.NS,417.8326721191406
2023-10-23,ITC.NS,415.5447998046875
2023-10-25,ITC.NS,412.49420166015625
2023-10-26,ITC.NS,414.0671691894531
2023-10-27,ITC.NS,413.49517822265625
2023-10-30,ITC.NS,410.34930419921875
2023-10-31,ITC.NS,408.39501953125
2023-11-01,ITC.NS,408.1090087890625
2023-11-02,ITC.NS,411.0166015625
2023-11-03,ITC.NS,413.0185241699219
2023-11-06,ITC.NS,415.0204772949219
2023-11-07,ITC.NS,412.49420166015625
2023-11-08,ITC.NS,416.5457763671875
2023-11-09,ITC.NS,414.11480712890625
2023-11-10,ITC.NS,416.1643981933594
2023-11-13,ITC.NS,415.64007568359375
2023-11-15,ITC.NS,421.3122863769531
2023-11-16,ITC.NS,418.1663513183594
2023-11-17,ITC.NS,418.73834228515625
2023-11-20,ITC.NS,416.4027404785156
2023-11-21,ITC.NS,415.8784484863281
2023-11-22,ITC.NS,419.1673278808594
2023-11-23,ITC.NS,419.7869873046875
2023-11-24,ITC.NS,417.3560485839844
2023-11-28,ITC.NS,414.92510986328125
2023-11-29,ITC.NS,416.7840881347656
2023-11-30,ITC.NS,415.4494323730469
2023-12-01,ITC.NS,428.7956848144531
2023-12-04,ITC.NS,432.84722900390625
2023-12-05,ITC.NS,430.6546325683594
2023-12-06,ITC.NS,441.61761474609375
2023-12-07,ITC.NS,436.7080993652344
2023-12-08,ITC.NS,428.176025390625
2023-12-11,ITC.NS,431.3219299316406
2023-12-12,ITC.NS,431.94158935546875
2023-12-13,ITC.NS,434.37249755859375
2023-12-14,ITC.NS,438.6147155761719
2023-12-15,ITC.NS,436.8034362792969
2023-12-18,ITC.NS,430.5592956542969
2023-12-19,ITC.NS,434.801513671875
2023-12-20,ITC.NS,429.93963623046875
2023-12-21,ITC.NS,430.36865234375
2023-12-22,ITC.NS,433.94354248046875
2023-12-26,ITC.NS,435.1351623535156
2023-12-27,ITC.NS,435.75482177734375
2023-12-28,ITC.NS,442.42791748046875
2023-12-29,ITC.NS,440.52130126953125
2024-01-01,ITC.NS,446.1934509277344
2024-01-02,ITC.NS,448.3860778808594
2024-01-03,ITC.NS,454.9638671875
2024-01-04,ITC.NS,454.1535339355469
2024-01-05,ITC.NS,451.8179626464844
2024-01-08,ITC.NS,443.7625732421875
2024-01-09,ITC.NS,442.85687255859375
2024-01-10,ITC.NS,441.665283203125
2024-01-11,ITC.NS,441.0456237792969
2024-01-12,ITC.NS,444.906494140625
2024-01-15,ITC.NS,445.7644958496094
2024-01-16,ITC.NS,450.2449645996094
2024-01-17,ITC.NS,444.8111877441406
2024-01-18,ITC.NS,443.7625732421875
2024-01-19,ITC.NS,449.48236083984375
2024-01-23,ITC.NS,437.85205078125
2024-01-24,ITC.NS,441.9512939453125
2024-01-25,ITC.NS,434.37249755859375
2024-01-29,ITC.NS,428.7956848144531
2024-01-30,ITC.NS,417.5943908691406
2024-01-31,ITC.NS,420.9309387207031
2024-02-01,ITC.NS,422.2178955078125
2024-02-02,ITC.NS,419.5486755371094
2024-02-05,ITC.NS,417.5943908691406
2024-02-06,ITC.NS,411.2549133300781
2024-02-07,ITC.NS,411.6361999511719
2024-02-08,ITC.NS,400.9958801269531
2024-02-09,ITC.NS,401.9148254394531
2024-02-12,ITC.NS,393.5476379394531
2024-02-13,ITC.NS,393.4508972167969
2024-02-14,ITC.NS,398.0939636230469
2024-02-15,ITC.NS,390.694091796875
2024-02-16,ITC.NS,391.3712158203125
2024-02-19,ITC.NS,395.869140625
2024-02-20,ITC.NS,392.8221435546875
2024-02-21,ITC.NS,390.1620788574219
2024-02-22,ITC.NS,400.899169921875
2024-02-23,ITC.NS,397.9488830566406
2024-02-26,ITC.NS,395.82080078125
2024-02-27,ITC.NS,397.70703125
2024-02-28,ITC.NS,394.9502258300781
2024-02-29,ITC.NS,393.0155944824219
2024-03-01,ITC.NS,396.1109924316406
2024-03-04,ITC.NS,395.7240905761719
2024-03-05,ITC.NS,392.8705139160156
2024-03-06,ITC.NS,394.51495361328125
2024-03-07,ITC.NS,400.028564453125
2024-03-11,ITC.NS,396.0142517089844
2024-03-12,ITC.NS,391.22613525390625
2024-03-13,ITC.NS,408.6375732421875
2024-03-14,ITC.NS,405.9291076660156
2024-03-15,ITC.NS,405.3970947265625
2024-03-18,ITC.NS,403.80108642578125
2024-03-19,ITC.NS,396.1593322753906
2024-03-20,ITC.NS,402.1082763671875
2024-03-21,ITC.NS,407.4768371582031
2024-03-22,ITC.NS,414.58648681640625
2024-03-26,ITC.NS,413.6675720214844
2024-03-27,ITC.NS,414.0061340332031
2024-03-28,ITC.NS,414.3446960449219
2024-04-01,ITC.NS,412.7486267089844
2024-04-02,ITC.NS,411.9264221191406
2024-04-03,ITC.NS,411.29766845703125
2024-04-04,ITC.NS,408.9277648925781
2024-04-05,ITC.NS,413.5708312988281
2024-04-08,ITC.NS,415.0701599121094
2024-04-09,ITC.NS,412.4100646972656
2024-04-10,ITC.NS,422.66351318359375
2024-04-12,ITC.NS,416.0374755859375
2024-04-15,ITC.NS,411.9747619628906
2024-04-16,ITC.NS,411.9747619628906
2024-04-18,ITC.NS,405.1552734375
2024-04-19,ITC.NS,410.8623962402344
2024-04-22,ITC.NS,411.3943786621094
2024-04-23,ITC.NS,415.1669006347656
2024-04-24,ITC.NS,414.8766784667969
2024-04-25,ITC.NS,423.2438659667969
2024-04-26,ITC.NS,425.61376953125
2024-04-29,ITC.NS,423.87261962890625
2024-04-30,ITC.NS,421.4059753417969
2024-05-02,ITC.NS,424.6464538574219
2024-05-03,ITC.NS,422.1798400878906
2024-05-06,ITC.NS,420.5354309082031
2024-05-07,ITC.NS,425.95233154296875
2024-05-08,ITC.NS,426.5810852050781
2024-05-09,ITC.NS,411.2009582519531
2024-05-10,ITC.NS,419.18121337890625
2024-05-13,ITC.NS,417.730224609375
2024-05-14,ITC.NS,415.6505432128906
2024-05-15,ITC.NS,413.8126525878906
2024-05-16,ITC.NS,417.3433532714844
2024-05-17,ITC.NS,422.03472900390625
2024-05-21,ITC.NS,420.58380126953125
2024-05-22,ITC.NS,425.51702880859375
2024-05-23,ITC.NS,426.91961669921875
2024-05-24,ITC.NS,421.9380187988281
2024-05-27,ITC.NS,417.3916931152344
2024-05-28,ITC.NS,414.9734191894531
2024-05-29,ITC.NS,416.85968017578125
2024-05-30,ITC.NS,409.9918212890625
2024-05-31,ITC.NS,412.5068054199219
2024-06-03,ITC.NS,416.279296875
2024-06-04,ITC.NS,408.7481689453125
2024-06-05,ITC.NS,423.6134948730469
2024-06-06,ITC.NS,428.63427734375
2024-06-07,ITC.NS,432.32598876953125
2024-06-10,ITC.NS,430.1109619140625
2024-06-11,ITC.NS,426.2715759277344
2024-06-12,ITC.NS,425.5824279785156
2024-06-13,ITC.NS,423.6134948730469
2024-06-14,ITC.NS,424.4503173828125
2024-06-18,ITC.NS,422.0876159667969
2024-06-19,ITC.NS,417.0668640136719
2024-06-20,ITC.NS,416.7222900390625
2024-06-21,ITC.NS,413.0798034667969
2024-06-24,ITC.NS,416.7222900390625
2024-06-25,ITC.NS,416.7222900390625
2024-06-26,ITC.NS,417.3622131347656
2024-06-27,ITC.NS,418.986572265625
2024-06-28,ITC.NS,418.29742431640625
2024-07-01,ITC.NS,422.3829345703125
2024-07-02,ITC.NS,418.88812255859375
2024-07-03,ITC.NS,421.64459228515625
2024-07-04,ITC.NS,422.3829345703125
2024-07-05,ITC.NS,426.9114685058594
2024-07-08,ITC.NS,436.70684814453125
2024-07-09,ITC.NS,445.5670166015625
2024-07-10,ITC.NS,444.43487548828125
2024-07-11,ITC.NS,451.5229797363281
2024-07-12,ITC.NS,451.916748046875
2024-07-15,ITC.NS,456.19915771484375
2024-07-16,ITC.NS,458.3157653808594
2024-07-18,ITC.NS,462.9427185058594
2024-07-19,ITC.NS,467.1759033203125
2024-07-22,ITC.NS,459.3002014160156
2024-07-23,ITC.NS,484.5516662597656
2024-07-24,ITC.NS,486.3728942871094
2024-07-25,ITC.NS,482.3366394042969
2024-07-26,ITC.NS,494.3962707519531
2024-07-29,ITC.NS,488.3418273925781
2024-07-30,ITC.NS,482.2873840332031
2024-07-31,ITC.NS,487.6527099609375
2024-08-01,ITC.NS,486.0283508300781
2024-08-02,ITC.NS,481.49981689453125
2024-08-05,ITC.NS,478.447998046875
2024-08-06,ITC.NS,478.7433166503906
2024-08-07,ITC.NS,484.9946594238281
2024-08-08,ITC.NS,487.06201171875
2024-08-09,ITC.NS,488.19415283203125
2024-08-12,ITC.NS,486.91436767578125
2024-08-13,ITC.NS,482.3858337402344
2024-08-14,ITC.NS,484.5516662597656
2024-08-16,ITC.NS,494.8392639160156
2024-08-19,ITC.NS,493.6579284667969
2024-08-20,ITC.NS,491.049072265625
2024-08-21,ITC.NS,497.5465393066406
2024-08-22,ITC.NS,496.709716796875
2024-08-23,ITC.NS,497.9403076171875
2024-08-26,ITC.NS,497.8418884277344
2024-08-27,ITC.NS,492.8211364746094
2024-08-28,ITC.NS,489.5723876953125
2024-08-29,ITC.NS,497.2511901855469
2024-08-30,ITC.NS,494.1009216308594
2024-09-02,ITC.NS,502.124267578125
2024-09-03,ITC.NS,501.484375
2024-09-04,ITC.NS,498.4817810058594
2024-09-05,ITC.NS,503.25640869140625
2024-09-06,ITC.NS,493.904052734375
2024-09-09,ITC.NS,503.7978515625
2024-09-10,ITC.NS,505.61907958984375
2024-09-11,ITC.NS,506.357421875
2024-09-12,ITC.NS,511.42742919921875
2024-09-13,ITC.NS,505.8652038574219
2024-09-16,ITC.NS,503.157958984375
2024-09-17,ITC.NS,499.8600158691406
2024-09-18,ITC.NS,499.46624755859375
2024-09-19,ITC.NS,500.35223388671875
2024-09-20,ITC.NS,506.4067077636719
2024-09-23,ITC.NS,508.9170837402344
2024-09-24,ITC.NS,507.24346923828125
2024-09-25,ITC.NS,509.5077209472656
2024-09-26,ITC.NS,514.626953125
2024-09-27,ITC.NS,514.5776977539062
2024-09-30,ITC.NS,510.0984191894531
2024-10-01,ITC.NS,508.1787109375
2024-10-03,ITC.NS,504.7823181152344
2024-10-04,ITC.NS,495.72528076171875
2024-10-07,ITC.NS,502.27197265625
2024-10-08,ITC.NS,500.0569152832031
2024-10-09,ITC.NS,484.0594177246094
2024-10-10,ITC.NS,484.4039611816406
2024-10-11,ITC.NS,480.61383056640625
2024-10-14,ITC.NS,489.22784423828125
2024-10-15,ITC.NS,490.802978515625
2024-10-16,ITC.NS,485.5361328125
2024-10-17,ITC.NS,481.30291748046875
2024-10-18,ITC.NS,479.1371154785156
2024-10-21,ITC.NS,476.1344909667969
2024-10-22,ITC.NS,474.313232421875
2024-10-23,ITC.NS,472.88580322265625
2024-10-24,ITC.NS,464.3702087402344
2024-10-25,ITC.NS,474.80548095703125
2024-10-28,ITC.NS,476.6267395019531
2024-10-29,ITC.NS,480.3677062988281
2024-10-30,ITC.NS,483.9117431640625
2024-10-31,ITC.NS,481.2044677734375
2024-11-01,ITC.NS,482.68115234375
2024-11-04,ITC.NS,477.06976318359375
2024-11-05,ITC.NS,472.7381286621094
2024-11-06,ITC.NS,473.6241455078125
2024-11-07,ITC.NS,470.4738464355469
2024-11-08,ITC.NS,470.62152099609375
2024-11-11,ITC.NS,469.53863525390625
2024-11-12,ITC.NS,465.5023498535156
2024-11-13,ITC.NS,464.8624572753906
2024-11-14,ITC.NS,458.7095642089844
2024-11-18,ITC.NS,459.3002014160156
2024-11-19,ITC.NS,460.0877990722656
2024-11-21,ITC.NS,450.0462951660156
2024-11-22,ITC.NS,467.27435302734375
2024-11-25,ITC.NS,469.39093017578125
2024-11-26,ITC.NS,469.58782958984375
2024-11-27,ITC.NS,469.53863525390625
2024-11-28,ITC.NS,467.5204772949219
2024-11-29,ITC.NS,469.34173583984375
2024-12-02,ITC.NS,469.7847595214844
2024-12-03,ITC.NS,465.20697021484375
2024-12-04,ITC.NS,459.8416748046875
2024-12-05,ITC.NS,460.2354736328125
2024-12-06,ITC.NS,463.8287353515625
2024-12-09,ITC.NS,457.72509765625
2024-12-10,ITC.NS,458.21734619140625
2024-12-11,ITC.NS,458.0204162597656
2024-12-12,ITC.NS,453.44268798828125
2024-12-13,ITC.NS,462.6966247558594
2024-12-16,ITC.NS,462.7950744628906
2024-12-17,ITC.NS,462.25360107421875
2024-12-18,ITC.NS,463.1888427734375
2024-12-19,ITC.NS,459.3002014160156
2024-12-20,ITC.NS,457.42974853515625
2024-12-23,ITC.NS,466.8805847167969
2024-12-24,ITC.NS,471.01531982421875
2024-12-26,ITC.NS,469.53863525390625
2024-12-27,ITC.NS,471.1629943847656
2024-12-30,ITC.NS,469.58782958984375
2024-12-31,ITC.NS,476.1344909667969
2025-01-01,ITC.NS,476.42987060546875
2025-01-02,ITC.NS,481.4505920410156
2025-01-03,ITC.NS,474.1163635253906
2025-01-06,ITC.NS,435.7716064453125
2025-01-07,ITC.NS,434.2456970214844
2025-01-08,ITC.NS,442.56439208984375
2025-01-09,ITC.NS,443.1058654785156
2025-01-10,ITC.NS,437.98663330078125
2025-01-13,ITC.NS,432.2275390625
2025-01-14,ITC.NS,429.8156433105469
2025-01-15,ITC.NS,430.5539855957031
2025-01-16,ITC.NS,426.1239013671875
2025-01-17,ITC.NS,433.3597106933594
2025-01-20,ITC.NS,430.8985290527344
2025-01-21,ITC.NS,430.7508544921875
2025-01-22,ITC.NS,430.20941162109375
2025-01-23,ITC.NS,433.3597106933594
2025-01-24,ITC.NS,434.7379455566406
2025-01-27,ITC.NS,433.26123046875
2025-01-28,ITC.NS,428.6835021972656
2025-01-29,ITC.NS,426.6161193847656
2025-01-30,ITC.NS,429.4218444824219
2025-01-31,ITC.NS,440.5462341308594
2025-02-01,ITC.NS,455.36236572265625
2025-02-03,ITC.NS,447.2898254394531
2025-02-04,ITC.NS,448.0773620605469
2025-02-05,ITC.NS,441.1861572265625
2025-02-06,ITC.NS,434.2456970214844
2025-02-07,ITC.NS,424.15496826171875
2025-02-10,ITC.NS,420.56170654296875
2025-02-11,ITC.NS,411.79998779296875
2025-02-12,ITC.NS,409.8999938964844
2025-02-13,ITC.NS,409.70001220703125
2025-02-14,ITC.NS,410.25
2025-02-17,ITC.NS,408.6000061035156
2025-02-18,ITC.NS,405.25
2025-02-19,ITC.NS,406.3999938964844
2025-02-20,ITC.NS,402.04998779296875
2025-02-21,ITC.NS,400.8999938964844
2025-02-24,ITC.NS,401.8999938964844
2025-02-25,ITC.NS,404.8500061035156
2025-02-27,ITC.NS,401.6000061035156
2025-02-28,ITC.NS,395.0
2025-03-03,ITC.NS,397.45001220703125
2025-03-04,ITC.NS,394.8500061035156
2025-03-05,ITC.NS,405.04998779296875
2025-03-06,ITC.NS,405.70001220703125
2025-03-07,ITC.NS,403.8999938964844
